Team,Age,W,L,PW,PL,MOV,SOS,SRS,ORtg,DRtg,NRtg,Pace,FTr,3PAr,TS%,eFG%,TOV%,ORB%,FT/FGA,opp_eFG%,opp_TOV%,opp_DRB%,opp_FT/FGA
Utah Jazz_20,28.5,52.0,20.0,55,17,9.25,-0.29,8.97,117.6,108.3,9.3,98.5,0.244,0.488,0.597,0.563,12.7,24.5,0.195,0.507,10.3,79.3,0.159
Los Angeles Clippers_20,28.8,47.0,25.0,49,23,6.18,-0.16,6.02,117.6,111.2,6.4,96.9,0.222,0.4,0.599,0.564,12.2,22.7,0.186,0.531,11.9,79.1,0.186
Phoenix Suns_20,26.6,51.0,21.0,49,23,5.82,-0.15,5.67,117.2,111.3,5.9,97.2,0.212,0.392,0.597,0.564,11.5,20.8,0.177,0.534,12.4,78.5,0.194
Milwaukee Bucks_20,28.1,46.0,26.0,48,24,5.89,-0.32,5.57,117.2,111.4,5.8,102.2,0.233,0.404,0.593,0.566,12.0,23.3,0.177,0.536,11.5,79.7,0.157
Philadelphia 76ers_20,27.1,49.0,23.0,48,24,5.58,-0.31,5.28,113.2,107.6,5.6,99.5,0.293,0.347,0.579,0.541,12.8,23.2,0.225,0.521,13.8,78.2,0.2
Denver Nuggets_20,26.1,47.0,25.0,47,25,4.93,-0.11,4.82,117.1,112.1,5.0,97.1,0.219,0.383,0.588,0.557,12.1,24.7,0.176,0.545,12.9,78.9,0.2
Brooklyn Nets_20,28.2,48.0,24.0,46,26,4.5,-0.27,4.24,118.3,113.8,4.5,99.5,0.258,0.413,0.61,0.575,12.2,21.4,0.208,0.531,11.1,77.3,0.187
Los Angeles Lakers_20,28.2,42.0,30.0,42,30,2.79,-0.03,2.77,109.9,107.1,2.8,98.7,0.271,0.363,0.569,0.536,13.6,22.5,0.2,0.526,13.7,79.7,0.184
Dallas Mavericks_20,26.3,42.0,30.0,41,31,2.26,-0.01,2.26,115.4,113.0,2.4,97.3,0.242,0.436,0.582,0.55,11.1,21.1,0.189,0.534,11.5,77.8,0.197
New York Knicks_20,25.6,41.0,31.0,41,31,2.31,-0.18,2.13,110.6,108.2,2.4,95.9,0.242,0.347,0.559,0.524,11.9,21.9,0.19,0.509,11.7,78.6,0.196
Atlanta Hawks_20,25.4,41.0,31.0,41,31,2.32,-0.18,2.14,115.7,113.3,2.4,97.6,0.278,0.382,0.581,0.539,11.9,24.4,0.226,0.53,11.1,77.8,0.19
Portland Trail Blazers_20,27.4,42.0,30.0,40,32,1.79,0.01,1.81,117.8,116.0,1.8,98.4,0.238,0.448,0.577,0.54,9.9,23.0,0.195,0.546,11.2,77.5,0.203
Boston Celtics_20,25.1,36.0,36.0,39,33,1.46,-0.14,1.32,114.0,112.5,1.5,98.3,0.234,0.409,0.574,0.543,12.5,24.3,0.181,0.539,12.8,78.1,0.215
Golden State Warriors_20,26.7,39.0,33.0,38,34,1.06,0.04,1.1,111.1,110.1,1.0,102.2,0.239,0.439,0.583,0.551,13.3,17.9,0.188,0.522,13.1,76.6,0.223
Memphis Grizzlies_20,24.2,38.0,34.0,38,34,1.03,0.04,1.07,112.0,111.0,1.0,100.4,0.232,0.342,0.56,0.528,11.6,24.2,0.179,0.535,13.1,78.3,0.196
Miami Heat_20,27.4,40.0,32.0,36,36,0.03,-0.09,-0.06,111.2,111.2,0.0,96.6,0.252,0.432,0.581,0.546,13.1,19.4,0.199,0.542,13.8,77.9,0.183
Indiana Pacers_20,26.5,34.0,38.0,36,36,-0.04,-0.08,-0.13,112.4,112.4,0.0,101.6,0.227,0.372,0.575,0.542,11.9,20.2,0.18,0.531,12.7,74.9,0.201
New Orleans Pelicans_20,24.8,31.0,41.0,35,37,-0.29,0.1,-0.2,113.5,113.8,-0.3,100.1,0.293,0.342,0.57,0.537,12.7,26.3,0.214,0.55,11.9,80.0,0.186
Toronto Raptors_20,26.6,27.0,45.0,35,37,-0.47,-0.07,-0.54,112.0,112.5,-0.5,99.2,0.241,0.444,0.567,0.529,11.9,20.8,0.196,0.543,14.4,76.3,0.234
Chicago Bulls_20,25.6,31.0,41.0,34,38,-0.89,-0.05,-0.94,111.1,112.0,-0.9,99.0,0.197,0.383,0.575,0.547,13.6,22.3,0.156,0.538,11.6,80.3,0.196
San Antonio Spurs_20,26.2,33.0,39.0,32,40,-1.74,0.15,-1.58,111.0,112.8,-1.8,98.9,0.243,0.314,0.554,0.517,10.2,20.0,0.192,0.541,11.8,77.3,0.174
Washington Wizards_20,26.6,34.0,38.0,32,40,-1.83,-0.01,-1.85,111.2,113.0,-1.8,104.1,0.288,0.319,0.569,0.531,12.3,21.3,0.221,0.539,12.5,77.6,0.217
Charlotte Hornets_20,24.6,33.0,39.0,32,40,-1.93,-0.01,-1.94,110.9,112.8,-1.9,98.3,0.238,0.422,0.564,0.532,13.3,23.5,0.181,0.55,13.2,75.7,0.163
Sacramento Kings_20,25.6,31.0,41.0,28,44,-3.68,0.23,-3.45,113.6,117.2,-3.6,100.0,0.248,0.376,0.578,0.549,12.0,21.3,0.185,0.557,12.1,75.0,0.199
Detroit Pistons_20,24.5,20.0,52.0,26,46,-4.47,0.09,-4.38,108.0,112.5,-4.5,97.9,0.273,0.385,0.556,0.519,13.5,21.9,0.207,0.541,12.6,76.9,0.195
Minnesota Timberwolves_20,23.2,23.0,49.0,24,48,-5.56,0.31,-5.25,109.5,115.0,-5.5,101.6,0.254,0.413,0.555,0.52,12.4,22.7,0.193,0.556,13.3,76.8,0.207
Houston Rockets_20,26.5,17.0,55.0,20,52,-7.9,0.4,-7.5,107.1,114.9,-7.8,101.4,0.252,0.459,0.553,0.521,13.0,19.8,0.187,0.555,12.9,77.1,0.201
Cleveland Cavaliers_20,24.0,22.0,50.0,18,54,-8.44,0.25,-8.19,105.8,114.4,-8.6,97.3,0.261,0.347,0.543,0.508,13.9,23.6,0.194,0.556,13.0,76.6,0.183
Orlando Magic_20,25.6,21.0,51.0,17,55,-9.31,0.29,-9.02,105.1,114.5,-9.4,98.7,0.24,0.356,0.527,0.49,11.5,21.6,0.186,0.547,11.5,78.2,0.169
Oklahoma City Thunder_20,22.8,22.0,50.0,15,57,-10.64,0.51,-10.13,103.5,114.0,-10.5,101.0,0.242,0.399,0.539,0.509,14.2,21.2,0.176,0.547,11.5,77.9,0.167
Milwaukee Bucks_18,26.9,60.0,22.0,61,21,8.87,-0.82,8.04,113.8,105.2,8.6,103.3,0.255,0.419,0.583,0.55,12.0,20.8,0.197,0.503,11.5,80.3,0.162
Golden State Warriors_18,28.4,57.0,25.0,56,26,6.46,-0.04,6.42,115.9,109.5,6.4,100.9,0.227,0.384,0.596,0.565,12.6,22.5,0.182,0.508,11.7,77.1,0.205
Toronto Raptors_18,27.3,58.0,24.0,56,26,6.09,-0.6,5.49,113.1,107.1,6.0,100.2,0.247,0.379,0.579,0.543,12.4,21.9,0.198,0.509,13.1,77.1,0.19
Utah Jazz_18,27.3,50.0,32.0,54,28,5.26,0.03,5.28,110.9,105.7,5.2,100.3,0.295,0.394,0.572,0.538,13.4,22.9,0.217,0.507,12.4,80.3,0.189
Houston Rockets_18,29.2,53.0,29.0,53,29,4.77,0.19,4.96,115.5,110.7,4.8,97.9,0.279,0.519,0.581,0.542,12.0,22.8,0.221,0.525,13.4,74.4,0.21
Boston Celtics_18,25.7,49.0,33.0,52,30,4.44,-0.54,3.9,112.2,107.8,4.4,99.6,0.215,0.381,0.567,0.534,11.5,21.6,0.173,0.514,13.4,77.0,0.198
Portland Trail Blazers_18,26.2,53.0,29.0,51,31,4.2,0.24,4.43,114.7,110.5,4.2,99.1,0.258,0.339,0.568,0.528,12.1,26.6,0.21,0.516,11.0,77.9,0.195
Denver Nuggets_18,24.9,54.0,28.0,51,31,3.95,0.24,4.19,113.0,108.9,4.1,97.7,0.232,0.348,0.558,0.527,11.9,26.6,0.175,0.521,12.3,78.0,0.194
Indiana Pacers_18,27.0,48.0,34.0,50,32,3.33,-0.57,2.76,109.9,106.5,3.4,98.1,0.242,0.292,0.561,0.53,12.4,21.9,0.182,0.516,14.1,76.2,0.184
Oklahoma City Thunder_18,25.7,49.0,33.0,50,32,3.4,0.15,3.56,110.3,107.0,3.3,102.8,0.266,0.347,0.545,0.514,11.7,26.0,0.19,0.523,14.4,78.2,0.206
Philadelphia 76ers_18,26.4,51.0,31.0,48,34,2.7,-0.44,2.25,112.6,110.0,2.6,101.6,0.312,0.342,0.574,0.532,12.9,24.5,0.241,0.512,11.1,78.6,0.206
San Antonio Spurs_18,28.8,48.0,34.0,45,37,1.68,0.12,1.8,112.9,111.2,1.7,98.3,0.237,0.286,0.572,0.534,11.0,21.0,0.194,0.528,11.0,79.4,0.17
Los Angeles Clippers_18,27.2,48.0,34.0,43,39,0.85,0.23,1.09,112.4,111.5,0.9,101.7,0.326,0.295,0.575,0.529,12.7,22.0,0.258,0.514,11.4,76.0,0.224
Orlando Magic_18,25.7,42.0,40.0,43,39,0.71,-0.43,0.28,108.9,108.1,0.8,98.1,0.216,0.36,0.55,0.518,11.9,22.0,0.168,0.515,11.8,79.7,0.186
Brooklyn Nets_18,25.4,42.0,40.0,41,41,-0.07,-0.33,-0.4,109.6,109.7,-0.1,100.8,0.284,0.403,0.556,0.52,13.0,23.8,0.211,0.512,11.6,76.4,0.19
Detroit Pistons_18,26.9,41.0,41.0,40,42,-0.24,-0.31,-0.56,109.0,109.2,-0.2,97.4,0.262,0.394,0.544,0.509,12.3,24.8,0.195,0.526,12.8,78.7,0.211
Miami Heat_18,27.0,39.0,43.0,40,42,-0.23,-0.22,-0.45,107.3,107.6,-0.3,98.2,0.247,0.368,0.542,0.515,13.1,24.8,0.172,0.51,12.7,77.6,0.201
Sacramento Kings_18,24.8,39.0,43.0,38,44,-1.12,0.31,-0.81,110.4,111.5,-1.1,103.1,0.244,0.321,0.554,0.524,11.5,23.1,0.177,0.533,13.6,75.5,0.207
Charlotte Hornets_18,26.6,39.0,43.0,38,44,-1.1,-0.22,-1.32,111.4,112.5,-1.1,98.7,0.257,0.378,0.554,0.514,10.9,21.7,0.205,0.538,12.1,77.1,0.179
New Orleans Pelicans_18,25.7,33.0,49.0,38,44,-1.33,0.23,-1.1,111.4,112.6,-1.2,103.3,0.254,0.324,0.563,0.529,12.6,24.1,0.193,0.532,11.6,76.8,0.193
Dallas Mavericks_18,26.9,33.0,49.0,38,44,-1.28,0.42,-0.87,109.4,110.7,-1.3,99.0,0.291,0.422,0.555,0.519,12.7,22.7,0.216,0.522,11.6,77.5,0.191
Minnesota Timberwolves_18,26.2,36.0,46.0,37,45,-1.5,0.48,-1.02,111.4,112.9,-1.5,100.2,0.267,0.315,0.552,0.511,11.4,24.6,0.21,0.538,12.9,74.9,0.19
Los Angeles Lakers_18,26.2,37.0,45.0,37,45,-1.72,0.39,-1.33,107.8,109.5,-1.7,103.2,0.257,0.342,0.554,0.527,13.4,22.2,0.18,0.516,12.2,76.4,0.192
Memphis Grizzlies_18,27.7,33.0,49.0,34,48,-2.6,0.51,-2.08,106.1,108.8,-2.7,96.6,0.272,0.342,0.548,0.508,12.9,20.0,0.21,0.521,13.9,77.6,0.232
Washington Wizards_18,26.5,32.0,50.0,34,48,-2.9,-0.4,-3.3,111.1,113.9,-2.8,101.4,0.266,0.37,0.567,0.531,12.3,21.3,0.204,0.546,13.5,74.1,0.199
Atlanta Hawks_18,25.1,29.0,53.0,27,55,-6.02,-0.04,-6.06,108.1,113.9,-5.8,103.9,0.255,0.403,0.555,0.522,14.3,24.7,0.192,0.541,12.8,76.4,0.237
Chicago Bulls_18,24.0,22.0,60.0,21,61,-8.41,0.1,-8.32,104.8,113.2,-8.4,99.0,0.235,0.295,0.541,0.505,12.7,19.4,0.184,0.541,11.9,77.3,0.188
New York Knicks_18,23.4,17.0,65.0,19,63,-9.21,0.28,-8.93,104.5,113.7,-9.2,99.6,0.27,0.334,0.529,0.49,12.4,22.1,0.205,0.533,11.7,76.1,0.203
Phoenix Suns_18,24.0,19.0,63.0,19,63,-9.34,0.73,-8.61,105.9,115.1,-9.2,100.5,0.259,0.335,0.552,0.514,13.8,20.5,0.202,0.545,13.5,72.5,0.236
Cleveland Cavaliers_18,25.2,19.0,63.0,19,63,-9.61,0.22,-9.39,107.7,117.6,-9.9,96.6,0.236,0.332,0.54,0.503,12.2,23.7,0.187,0.564,11.5,77.0,0.181
Houston Rockets_17,29.8,65.0,17.0,61,21,8.48,-0.27,8.21,114.7,106.1,8.6,97.6,0.298,0.502,0.59,0.551,12.7,21.3,0.233,0.521,13.4,79.9,0.171
Toronto Raptors_17,25.8,59.0,23.0,60,22,7.78,-0.49,7.29,113.8,105.9,7.9,97.4,0.25,0.377,0.575,0.539,12.1,23.0,0.198,0.501,13.0,77.7,0.212
Golden State Warriors_17,28.8,58.0,24.0,56,26,5.98,-0.19,5.79,113.6,107.6,6.0,99.6,0.239,0.339,0.603,0.569,14.1,21.0,0.195,0.504,12.6,76.3,0.186
Utah Jazz_17,26.7,48.0,34.0,53,29,4.3,0.17,4.47,108.4,103.9,4.5,95.7,0.26,0.357,0.564,0.527,13.7,21.5,0.202,0.506,14.0,79.8,0.19
Philadelphia 76ers_17,25.8,52.0,30.0,53,29,4.5,-0.2,4.3,109.5,105.0,4.5,99.8,0.263,0.344,0.568,0.535,14.6,25.3,0.198,0.492,12.6,78.6,0.218
Boston Celtics_17,24.7,55.0,27.0,51,31,3.59,-0.35,3.23,107.6,103.9,3.7,96.0,0.243,0.357,0.552,0.518,13.0,21.5,0.188,0.495,13.0,78.4,0.191
Oklahoma City Thunder_17,27.3,48.0,34.0,50,32,3.41,0.0,3.42,110.7,107.2,3.5,96.7,0.275,0.345,0.546,0.514,12.4,27.7,0.197,0.525,14.7,77.4,0.193
San Antonio Spurs_17,29.3,47.0,35.0,49,33,2.89,0.0,2.89,107.9,104.8,3.1,95.0,0.245,0.282,0.543,0.507,12.2,23.7,0.189,0.507,13.2,78.6,0.17
Portland Trail Blazers_17,25.6,49.0,33.0,48,34,2.6,0.0,2.6,109.1,106.4,2.7,96.5,0.24,0.324,0.549,0.511,12.3,23.3,0.192,0.503,11.7,79.1,0.193
Minnesota Timberwolves_17,27.1,47.0,35.0,47,35,2.23,0.12,2.35,113.4,111.1,2.3,96.0,0.28,0.261,0.566,0.523,11.4,24.4,0.225,0.539,13.9,76.4,0.189
Denver Nuggets_17,25.1,46.0,36.0,45,37,1.48,0.09,1.57,112.5,111.0,1.5,96.8,0.258,0.357,0.57,0.536,13.4,25.7,0.198,0.539,12.6,77.5,0.173
Indiana Pacers_17,26.2,48.0,34.0,45,37,1.38,-0.2,1.18,109.5,108.1,1.4,96.0,0.222,0.284,0.557,0.525,12.3,22.7,0.173,0.527,14.2,76.2,0.174
New Orleans Pelicans_17,27.6,48.0,34.0,44,38,1.3,0.18,1.48,109.6,108.3,1.3,100.5,0.237,0.319,0.573,0.541,13.3,20.0,0.183,0.513,12.5,76.7,0.175
Cleveland Cavaliers_17,30.6,50.0,32.0,43,39,0.94,-0.35,0.59,112.9,111.9,1.0,98.0,0.275,0.379,0.584,0.547,12.6,20.1,0.214,0.54,12.2,77.3,0.166
Washington Wizards_17,26.9,43.0,39.0,43,39,0.59,-0.06,0.53,109.3,108.7,0.6,96.6,0.254,0.31,0.56,0.525,13.3,23.5,0.196,0.522,13.6,77.1,0.212
Miami Heat_17,26.5,44.0,38.0,42,40,0.48,-0.33,0.15,106.8,106.3,0.5,95.6,0.229,0.358,0.551,0.52,13.3,21.5,0.173,0.507,13.1,79.0,0.215
Charlotte Hornets_17,26.6,36.0,46.0,42,40,0.26,-0.19,0.07,109.4,109.1,0.3,98.4,0.312,0.314,0.549,0.508,11.4,22.2,0.233,0.532,12.4,80.7,0.165
Los Angeles Clippers_17,27.0,42.0,40.0,41,41,0.04,0.11,0.15,110.3,110.2,0.1,98.7,0.299,0.314,0.564,0.527,13.2,23.5,0.222,0.52,12.6,76.1,0.203
Detroit Pistons_17,25.9,39.0,43.0,41,41,-0.15,-0.11,-0.26,107.2,107.3,-0.1,96.2,0.227,0.333,0.543,0.512,12.3,22.7,0.169,0.524,13.7,78.5,0.172
Milwaukee Bucks_17,25.9,44.0,38.0,40,42,-0.3,-0.15,-0.45,109.8,110.1,-0.3,96.2,0.281,0.297,0.571,0.531,12.9,20.4,0.22,0.528,14.2,75.9,0.22
Los Angeles Lakers_17,23.7,35.0,47.0,37,45,-1.55,0.11,-1.44,106.5,108.0,-1.5,100.3,0.264,0.329,0.548,0.517,13.8,23.6,0.188,0.514,12.5,77.7,0.19
Dallas Mavericks_17,27.7,24.0,58.0,33,49,-3.04,0.34,-2.7,106.3,109.5,-3.2,95.6,0.217,0.382,0.544,0.513,11.6,18.0,0.166,0.532,12.9,78.9,0.193
New York Knicks_17,26.3,29.0,53.0,32,50,-3.56,0.03,-3.53,107.1,110.7,-3.6,96.8,0.216,0.266,0.544,0.51,13.3,24.1,0.17,0.522,12.2,76.7,0.208
Brooklyn Nets_17,25.1,28.0,54.0,31,51,-3.74,0.07,-3.67,106.9,110.6,-3.7,98.9,0.26,0.411,0.551,0.514,13.6,21.0,0.201,0.517,11.0,77.0,0.201
Orlando Magic_17,25.6,25.0,57.0,28,54,-4.82,-0.1,-4.92,105.2,110.1,-4.9,98.1,0.238,0.342,0.545,0.512,13.3,20.0,0.18,0.525,12.8,75.6,0.187
Atlanta Hawks_17,25.4,24.0,58.0,27,55,-5.45,0.15,-5.3,105.0,110.6,-5.6,98.3,0.236,0.363,0.547,0.512,14.1,21.1,0.185,0.536,13.6,76.2,0.183
Memphis Grizzlies_17,26.0,22.0,60.0,25,57,-6.21,0.39,-5.81,104.5,111.0,-6.5,94.9,0.255,0.317,0.539,0.5,14.0,22.4,0.201,0.529,13.8,76.5,0.256
Chicago Bulls_17,24.4,27.0,55.0,23,59,-7.04,0.2,-6.84,103.8,110.9,-7.1,98.3,0.216,0.35,0.529,0.497,12.6,20.6,0.164,0.542,12.4,80.6,0.184
Sacramento Kings_17,26.4,27.0,55.0,23,59,-6.99,0.39,-6.6,103.7,111.1,-7.4,94.9,0.194,0.278,0.529,0.502,12.8,21.5,0.143,0.542,13.5,77.6,0.199
Phoenix Suns_17,23.7,21.0,61.0,19,63,-9.37,0.57,-8.8,103.5,112.8,-9.3,100.3,0.275,0.32,0.532,0.495,13.9,22.5,0.203,0.533,11.9,76.5,0.212
Golden State Warriors_16,28.2,67.0,15.0,67,15,11.63,-0.28,11.35,115.6,104.0,11.6,99.8,0.259,0.359,0.597,0.563,13.2,22.8,0.204,0.486,13.5,74.9,0.198
San Antonio Spurs_16,29.6,61.0,21.0,60,22,7.2,-0.06,7.13,111.1,103.5,7.6,94.2,0.263,0.281,0.564,0.524,12.6,24.0,0.21,0.492,13.5,77.6,0.192
Houston Rockets_16,27.4,55.0,27.0,55,27,5.77,0.08,5.84,114.7,109.0,5.7,100.0,0.304,0.462,0.583,0.545,13.3,24.6,0.233,0.519,13.2,75.8,0.194
Toronto Raptors_16,26.1,51.0,31.0,52,30,4.21,-0.56,3.65,112.3,107.8,4.5,94.7,0.293,0.289,0.561,0.517,11.8,25.0,0.233,0.507,13.5,76.3,0.223
Los Angeles Clippers_16,30.0,51.0,31.0,52,30,4.29,0.13,4.42,112.7,108.2,4.5,96.1,0.312,0.329,0.574,0.537,12.0,21.5,0.233,0.506,12.1,76.9,0.211
Utah Jazz_16,26.8,51.0,31.0,52,30,3.94,0.06,4.0,109.6,105.3,4.3,91.6,0.288,0.327,0.563,0.526,13.2,23.2,0.215,0.493,11.8,78.9,0.195
Cleveland Cavaliers_16,29.2,51.0,31.0,49,33,3.18,-0.31,2.87,113.6,110.3,3.3,96.2,0.275,0.399,0.58,0.547,12.6,21.9,0.206,0.516,11.4,75.8,0.174
Boston Celtics_16,25.9,53.0,29.0,48,34,2.63,-0.39,2.25,111.2,108.4,2.8,96.8,0.273,0.393,0.567,0.525,12.2,21.2,0.22,0.503,12.6,75.3,0.223
Washington Wizards_16,26.0,49.0,33.0,46,36,1.8,-0.45,1.36,111.2,109.3,1.9,97.4,0.254,0.284,0.564,0.528,12.8,24.1,0.199,0.524,13.8,75.5,0.213
Miami Heat_16,26.5,41.0,41.0,44,38,1.06,-0.29,0.77,107.8,106.7,1.1,95.2,0.251,0.314,0.541,0.512,12.4,24.2,0.177,0.496,12.6,76.4,0.22
Oklahoma City Thunder_16,24.7,47.0,35.0,43,39,0.76,0.39,1.14,108.3,107.5,0.8,97.8,0.295,0.295,0.54,0.5,13.2,27.9,0.22,0.511,12.5,79.0,0.218
Memphis Grizzlies_16,29.5,43.0,39.0,42,40,0.49,0.47,0.96,107.7,107.1,0.6,92.3,0.28,0.316,0.535,0.491,12.1,24.8,0.219,0.506,13.6,77.5,0.256
Denver Nuggets_16,25.2,40.0,42.0,42,40,0.51,0.19,0.7,113.2,112.7,0.5,98.3,0.276,0.329,0.568,0.53,13.2,27.3,0.214,0.532,10.9,78.7,0.194
Chicago Bulls_16,26.9,41.0,41.0,42,40,0.43,-0.39,0.03,107.4,107.0,0.4,95.3,0.259,0.256,0.53,0.487,12.3,27.0,0.206,0.507,12.4,76.8,0.169
Charlotte Hornets_16,26.5,36.0,46.0,42,40,0.2,-0.26,-0.07,108.8,108.6,0.2,95.7,0.279,0.335,0.547,0.501,10.7,19.9,0.227,0.523,12.1,79.6,0.164
Indiana Pacers_16,27.0,42.0,40.0,40,42,-0.22,-0.42,-0.64,108.6,108.8,-0.2,95.9,0.261,0.272,0.558,0.516,12.8,21.2,0.212,0.512,13.6,75.5,0.225
Milwaukee Bucks_16,25.6,42.0,40.0,40,42,-0.18,-0.26,-0.45,109.1,109.3,-0.2,94.5,0.274,0.29,0.565,0.527,13.2,21.5,0.21,0.518,13.6,75.4,0.215
Portland Trail Blazers_16,24.8,41.0,41.0,40,42,-0.52,0.3,-0.23,110.3,110.8,-0.5,96.7,0.275,0.322,0.559,0.52,12.5,23.0,0.214,0.508,11.6,76.8,0.241
Atlanta Hawks_16,27.9,43.0,39.0,39,43,-0.85,-0.38,-1.23,104.9,105.7,-0.8,97.4,0.295,0.309,0.541,0.504,14.2,23.6,0.215,0.507,13.8,76.1,0.179
Detroit Pistons_16,25.4,37.0,45.0,38,44,-1.12,-0.17,-1.29,106.0,107.1,-1.1,95.0,0.218,0.263,0.521,0.492,10.9,24.1,0.157,0.516,12.1,81.2,0.197
Minnesota Timberwolves_16,24.0,31.0,51.0,38,44,-1.11,0.47,-0.64,110.8,112.0,-1.2,94.6,0.287,0.249,0.555,0.511,12.9,27.2,0.229,0.535,13.2,75.9,0.212
New Orleans Pelicans_16,25.7,34.0,48.0,35,47,-2.1,0.41,-1.69,105.2,107.4,-2.2,98.0,0.256,0.308,0.539,0.504,11.7,18.5,0.192,0.509,12.4,76.8,0.177
Dallas Mavericks_16,27.6,33.0,49.0,33,49,-2.93,0.4,-2.53,105.6,108.8,-3.2,92.2,0.225,0.366,0.541,0.505,11.6,18.1,0.18,0.529,14.4,77.6,0.218
New York Knicks_16,27.3,31.0,51.0,31,51,-3.67,-0.2,-3.87,107.7,111.5,-3.8,96.0,0.239,0.279,0.534,0.496,12.4,26.6,0.188,0.511,11.7,74.1,0.214
Sacramento Kings_16,27.9,32.0,50.0,31,51,-3.88,0.58,-3.29,107.3,111.3,-4.0,94.9,0.284,0.291,0.556,0.516,13.7,21.0,0.22,0.528,12.9,76.3,0.227
Phoenix Suns_16,25.0,24.0,58.0,27,55,-5.63,0.49,-5.14,106.6,112.2,-5.6,100.3,0.297,0.255,0.538,0.493,13.4,26.0,0.231,0.525,13.1,76.4,0.264
Philadelphia 76ers_16,24.6,28.0,54.0,26,56,-5.7,-0.14,-5.83,103.2,108.9,-5.7,98.5,0.258,0.349,0.539,0.501,14.9,22.4,0.199,0.512,13.5,75.3,0.234
Brooklyn Nets_16,26.0,20.0,62.0,24,58,-6.73,-0.01,-6.74,104.1,110.7,-6.6,101.3,0.289,0.371,0.551,0.507,14.7,19.6,0.228,0.513,11.6,76.1,0.212
Orlando Magic_16,25.3,29.0,53.0,24,58,-6.57,-0.04,-6.61,103.7,110.5,-6.8,96.8,0.246,0.3,0.524,0.489,12.1,21.6,0.184,0.523,11.9,77.4,0.201
Los Angeles Lakers_16,25.1,26.0,56.0,24,58,-6.88,0.58,-6.29,106.0,113.0,-7.0,98.5,0.259,0.295,0.537,0.501,13.5,25.0,0.195,0.542,13.0,75.8,0.213
San Antonio Spurs_15,30.3,67.0,15.0,67,15,10.63,-0.36,10.28,110.3,99.0,11.3,93.8,0.246,0.223,0.564,0.526,12.4,23.0,0.197,0.477,14.1,79.1,0.182
Golden State Warriors_15,27.4,73.0,9.0,65,17,10.76,-0.38,10.38,114.5,103.8,10.7,99.3,0.25,0.362,0.593,0.563,13.5,23.5,0.191,0.479,12.6,76.0,0.208
Oklahoma City Thunder_15,25.8,55.0,27.0,59,23,7.28,-0.19,7.09,113.1,105.6,7.5,96.7,0.292,0.275,0.565,0.524,14.0,31.1,0.228,0.484,11.7,76.0,0.205
Cleveland Cavaliers_15,28.1,57.0,25.0,57,25,6.0,-0.55,5.45,110.9,104.5,6.4,93.3,0.259,0.352,0.558,0.524,12.7,25.1,0.194,0.496,12.6,78.5,0.205
Toronto Raptors_15,26.3,56.0,26.0,53,29,4.5,-0.42,4.08,110.0,105.2,4.8,92.9,0.328,0.287,0.552,0.504,12.3,24.6,0.255,0.498,12.7,77.7,0.201
Los Angeles Clippers_15,29.7,53.0,29.0,53,29,4.28,-0.15,4.13,108.3,103.8,4.5,95.8,0.318,0.324,0.556,0.524,12.1,20.1,0.22,0.48,13.8,73.8,0.222
Atlanta Hawks_15,28.2,48.0,34.0,51,31,3.61,-0.12,3.49,105.1,101.4,3.7,97.1,0.237,0.336,0.552,0.516,13.8,19.1,0.185,0.48,14.4,74.6,0.194
Boston Celtics_15,25.2,48.0,34.0,50,32,3.21,-0.37,2.84,106.8,103.6,3.2,98.5,0.264,0.293,0.531,0.488,12.1,25.1,0.208,0.487,14.6,74.6,0.231
Charlotte Hornets_15,26.0,48.0,34.0,49,33,2.72,-0.36,2.36,107.1,104.3,2.8,95.7,0.28,0.348,0.545,0.502,11.7,20.0,0.222,0.496,12.5,79.8,0.191
Utah Jazz_15,24.2,40.0,42.0,46,36,1.79,0.05,1.84,105.9,103.9,2.0,91.0,0.286,0.297,0.54,0.501,14.2,25.9,0.213,0.495,13.5,77.7,0.21
Miami Heat_15,28.4,48.0,34.0,46,36,1.65,-0.14,1.5,106.1,104.4,1.7,93.6,0.282,0.221,0.545,0.508,13.3,23.8,0.21,0.485,12.1,77.8,0.196
Indiana Pacers_15,26.9,45.0,37.0,46,36,1.71,-0.09,1.62,104.6,102.9,1.7,96.6,0.268,0.27,0.536,0.497,13.5,23.4,0.205,0.489,14.3,76.0,0.205
Portland Trail Blazers_15,24.3,44.0,38.0,43,39,0.83,0.15,0.98,108.8,108.0,0.8,96.0,0.268,0.332,0.548,0.511,13.2,25.9,0.202,0.503,12.1,76.2,0.225
Detroit Pistons_15,25.0,44.0,38.0,43,39,0.61,-0.18,0.43,106.1,105.5,0.6,95.1,0.296,0.303,0.522,0.491,12.2,27.0,0.197,0.504,12.5,79.3,0.196
Houston Rockets_15,27.8,41.0,41.0,42,40,0.2,0.14,0.34,108.3,108.1,0.2,97.6,0.352,0.37,0.553,0.516,14.2,25.7,0.244,0.516,14.7,72.8,0.219
Dallas Mavericks_15,30.3,42.0,40.0,40,42,-0.3,0.29,-0.02,106.7,107.0,-0.3,94.3,0.265,0.339,0.544,0.502,12.0,20.6,0.211,0.504,12.8,76.2,0.198
Washington Wizards_15,27.3,41.0,41.0,40,42,-0.5,0.0,-0.5,105.3,105.8,-0.5,98.5,0.263,0.282,0.544,0.511,13.1,20.6,0.192,0.515,14.6,77.7,0.218
Chicago Bulls_15,27.6,42.0,40.0,37,45,-1.48,0.01,-1.46,105.0,106.5,-1.5,95.7,0.24,0.244,0.526,0.487,12.6,24.5,0.189,0.485,10.7,74.9,0.182
Orlando Magic_15,23.9,35.0,47.0,36,46,-1.62,-0.06,-1.68,105.1,106.8,-1.7,96.0,0.232,0.255,0.533,0.5,12.8,23.1,0.175,0.513,13.8,76.5,0.215
Sacramento Kings_15,26.6,33.0,49.0,34,48,-2.48,0.16,-2.32,106.0,108.4,-2.4,100.0,0.295,0.26,0.546,0.51,14.2,23.9,0.214,0.521,14.0,74.9,0.202
Memphis Grizzlies_15,30.5,42.0,40.0,35,47,-2.24,0.11,-2.14,105.4,107.8,-2.4,93.3,0.295,0.222,0.524,0.477,12.3,25.3,0.231,0.518,15.2,75.1,0.251
New York Knicks_15,27.2,32.0,50.0,33,49,-2.73,0.0,-2.74,104.6,107.6,-3.0,93.4,0.255,0.256,0.527,0.483,12.6,23.7,0.205,0.487,10.5,75.8,0.204
Denver Nuggets_15,24.7,33.0,49.0,33,49,-3.1,0.29,-2.81,105.6,108.9,-3.3,95.7,0.282,0.277,0.531,0.489,13.2,25.8,0.216,0.515,12.6,77.3,0.216
Minnesota Timberwolves_15,24.6,29.0,53.0,31,51,-3.54,0.15,-3.38,106.5,110.1,-3.6,95.2,0.332,0.202,0.549,0.498,13.9,24.3,0.263,0.524,13.6,74.7,0.2
New Orleans Pelicans_15,26.6,30.0,52.0,31,51,-3.79,0.24,-3.56,105.6,109.5,-3.9,96.8,0.259,0.277,0.537,0.498,12.3,21.2,0.201,0.523,12.7,78.8,0.225
Milwaukee Bucks_15,23.5,33.0,49.0,29,53,-4.18,0.2,-3.98,104.3,108.7,-4.4,94.2,0.276,0.189,0.537,0.499,14.2,24.9,0.207,0.51,14.2,73.1,0.221
Phoenix Suns_15,26.0,23.0,59.0,24,58,-6.66,0.34,-6.32,102.2,109.0,-6.8,98.5,0.271,0.302,0.526,0.487,15.2,25.4,0.204,0.523,13.5,77.1,0.237
Brooklyn Nets_15,26.9,21.0,61.0,22,60,-7.35,0.24,-7.12,103.2,110.9,-7.7,95.2,0.246,0.218,0.527,0.492,13.6,24.1,0.186,0.534,13.1,75.7,0.176
Los Angeles Lakers_15,26.5,17.0,65.0,17,65,-9.56,0.64,-8.92,101.6,111.6,-10.0,95.6,0.292,0.29,0.509,0.46,12.5,23.1,0.228,0.523,11.6,74.7,0.202
Philadelphia 76ers_15,23.3,10.0,72.0,16,66,-10.23,0.31,-9.92,98.8,109.2,-10.4,97.9,0.269,0.327,0.519,0.487,14.8,20.6,0.186,0.51,13.5,74.0,0.24
Golden State Warriors_14,26.6,67.0,15.0,65,17,10.1,-0.09,10.01,111.6,101.4,10.2,98.3,0.239,0.311,0.571,0.54,13.1,24.1,0.184,0.47,14.3,74.5,0.217
Los Angeles Clippers_14,28.8,56.0,26.0,58,24,6.59,0.22,6.8,112.4,105.5,6.9,94.7,0.303,0.322,0.565,0.533,11.6,22.8,0.215,0.493,13.2,75.7,0.231
San Antonio Spurs_14,29.8,55.0,27.0,58,24,6.2,0.14,6.34,108.5,102.0,6.5,93.8,0.256,0.269,0.555,0.517,13.1,23.4,0.2,0.484,13.3,77.3,0.19
Atlanta Hawks_14,27.8,60.0,22.0,56,26,5.43,-0.68,4.75,108.9,103.1,5.8,93.9,0.259,0.321,0.563,0.527,13.5,21.4,0.201,0.492,14.9,73.4,0.185
Cleveland Cavaliers_14,26.9,53.0,29.0,53,29,4.48,-0.4,4.08,111.1,106.3,4.8,92.3,0.287,0.334,0.557,0.52,13.4,26.8,0.216,0.502,12.6,74.7,0.177
Portland Trail Blazers_14,27.0,51.0,31.0,53,29,4.23,0.18,4.41,108.2,103.7,4.5,94.2,0.225,0.316,0.544,0.508,12.6,24.2,0.18,0.476,11.3,76.2,0.182
Houston Rockets_14,27.6,56.0,26.0,50,32,3.44,0.38,3.82,107.0,103.4,3.6,96.5,0.312,0.392,0.548,0.512,15.0,26.8,0.223,0.486,14.6,72.9,0.208
Memphis Grizzlies_14,29.6,55.0,27.0,50,32,3.24,0.38,3.62,105.7,102.2,3.5,92.0,0.276,0.184,0.531,0.489,12.6,24.7,0.214,0.492,14.5,75.3,0.183
Toronto Raptors_14,26.1,49.0,33.0,49,33,3.07,-0.62,2.45,111.0,107.7,3.3,92.8,0.295,0.302,0.553,0.508,12.0,25.6,0.232,0.506,13.4,73.3,0.208
Chicago Bulls_14,28.8,50.0,32.0,50,32,3.0,-0.46,2.54,107.5,104.3,3.2,92.8,0.304,0.269,0.536,0.489,12.9,27.0,0.238,0.473,11.3,74.4,0.182
Dallas Mavericks_14,29.9,50.0,32.0,49,33,2.9,0.46,3.36,109.5,106.4,3.1,95.2,0.262,0.296,0.55,0.515,11.9,23.6,0.197,0.503,14.7,72.2,0.204
Oklahoma City Thunder_14,25.4,45.0,37.0,47,35,2.18,0.28,2.47,107.8,105.5,2.3,95.7,0.284,0.262,0.532,0.492,13.1,28.9,0.214,0.489,12.4,75.6,0.213
New Orleans Pelicans_14,25.3,45.0,37.0,43,39,0.79,0.34,1.13,108.2,107.3,0.9,91.4,0.263,0.233,0.537,0.501,12.5,27.1,0.198,0.496,11.7,75.1,0.195
Washington Wizards_14,28.6,46.0,36.0,43,39,0.72,-0.55,0.17,103.7,103.0,0.7,93.7,0.259,0.203,0.534,0.499,14.0,24.9,0.192,0.481,12.9,77.3,0.21
Milwaukee Bucks_14,24.6,41.0,41.0,42,40,0.43,-0.52,-0.09,102.7,102.2,0.5,94.1,0.258,0.223,0.536,0.499,15.5,25.4,0.195,0.487,15.9,73.3,0.221
Indiana Pacers_14,28.3,38.0,44.0,42,40,0.28,-0.51,-0.23,103.5,103.2,0.3,93.2,0.266,0.255,0.523,0.484,13.1,24.0,0.201,0.478,12.0,77.9,0.217
Utah Jazz_14,23.4,38.0,44.0,42,40,0.22,0.49,0.71,105.1,104.9,0.2,90.4,0.297,0.274,0.531,0.494,14.6,29.1,0.214,0.491,12.8,76.3,0.199
Boston Celtics_14,25.0,40.0,42.0,41,41,0.16,-0.56,-0.4,104.7,104.5,0.2,95.8,0.233,0.28,0.523,0.489,12.5,24.7,0.176,0.494,13.7,75.0,0.208
Phoenix Suns_14,25.7,39.0,43.0,38,44,-0.9,0.52,-0.38,105.3,106.2,-0.9,96.3,0.251,0.291,0.537,0.501,13.7,24.5,0.191,0.497,14.0,73.5,0.221
Detroit Pistons_14,25.9,32.0,50.0,38,44,-1.0,-0.39,-1.39,105.3,106.4,-1.1,92.8,0.261,0.29,0.515,0.482,12.3,27.7,0.184,0.502,13.2,75.0,0.192
Miami Heat_14,28.5,37.0,45.0,33,49,-2.6,-0.32,-2.92,103.9,106.7,-2.8,90.9,0.306,0.262,0.54,0.5,14.5,23.2,0.227,0.505,14.2,73.4,0.213
Brooklyn Nets_14,28.6,38.0,44.0,33,49,-2.88,-0.25,-3.13,104.4,107.4,-3.0,92.7,0.267,0.24,0.529,0.491,13.0,23.9,0.2,0.506,12.9,73.7,0.185
Charlotte Hornets_14,26.0,33.0,49.0,32,50,-3.17,-0.27,-3.44,100.1,103.5,-3.4,93.0,0.269,0.226,0.498,0.456,11.2,22.1,0.202,0.487,12.0,79.3,0.188
Denver Nuggets_14,26.4,30.0,52.0,31,51,-3.55,0.48,-3.07,104.5,108.2,-3.7,96.1,0.278,0.284,0.518,0.479,12.7,26.6,0.204,0.504,13.0,74.7,0.239
Sacramento Kings_14,26.0,29.0,53.0,31,51,-3.71,0.64,-3.07,105.3,109.2,-3.9,95.4,0.363,0.204,0.542,0.49,14.8,26.5,0.276,0.507,11.8,75.2,0.2
Orlando Magic_14,24.3,25.0,57.0,25,57,-5.72,-0.15,-5.87,101.6,107.7,-6.1,93.8,0.23,0.235,0.524,0.494,14.0,23.1,0.168,0.514,13.6,76.0,0.21
Los Angeles Lakers_14,27.0,21.0,61.0,23,59,-6.84,0.67,-6.17,103.4,110.6,-7.2,94.0,0.276,0.22,0.513,0.473,12.1,25.4,0.204,0.518,12.1,76.3,0.231
Minnesota Timberwolves_14,24.4,16.0,66.0,19,63,-8.79,0.79,-8.0,102.9,112.2,-9.3,94.4,0.309,0.179,0.517,0.468,13.7,26.6,0.24,0.537,13.9,71.6,0.187
Philadelphia 76ers_14,23.2,18.0,64.0,18,64,-8.98,-0.07,-9.04,95.5,104.8,-9.3,95.7,0.288,0.319,0.494,0.459,16.0,25.5,0.195,0.497,15.2,73.0,0.225
New York Knicks_14,26.9,17.0,65.0,17,65,-9.32,-0.18,-9.5,99.9,110.0,-10.1,91.2,0.234,0.24,0.508,0.47,14.0,24.5,0.18,0.512,13.3,73.1,0.234
San Antonio Spurs_13,28.9,62.0,20.0,61,21,7.72,0.28,8.0,110.5,102.4,8.1,95.0,0.24,0.257,0.571,0.537,13.5,22.7,0.188,0.482,12.8,76.4,0.184
Los Angeles Clippers_13,28.1,57.0,25.0,59,23,6.98,0.3,7.27,112.1,104.8,7.3,95.9,0.353,0.291,0.567,0.526,12.7,25.0,0.258,0.484,13.8,72.5,0.222
Oklahoma City Thunder_13,26.2,59.0,23.0,58,24,6.34,0.32,6.66,110.5,103.9,6.6,95.4,0.303,0.271,0.566,0.52,14.0,26.5,0.244,0.488,13.9,75.6,0.221
Miami Heat_13,30.6,54.0,28.0,54,28,4.76,-0.61,4.15,110.9,105.8,5.1,91.2,0.3,0.292,0.59,0.554,14.6,20.6,0.228,0.511,15.8,73.0,0.212
Golden State Warriors_13,26.3,51.0,31.0,54,28,4.8,0.34,5.15,107.5,102.6,4.9,96.2,0.247,0.291,0.55,0.517,13.8,25.1,0.186,0.477,13.6,76.3,0.224
Indiana Pacers_13,27.2,56.0,26.0,54,28,4.4,-0.77,3.63,104.1,99.3,4.8,92.5,0.29,0.235,0.535,0.49,14.3,24.9,0.226,0.46,12.9,76.8,0.197
Houston Rockets_13,25.4,54.0,28.0,53,29,4.56,0.5,5.06,111.0,106.3,4.7,96.3,0.386,0.33,0.571,0.531,14.6,27.4,0.275,0.489,12.5,74.1,0.193
Portland Trail Blazers_13,25.8,54.0,28.0,52,30,3.99,0.45,4.44,111.5,107.4,4.1,94.9,0.27,0.29,0.548,0.504,12.4,28.0,0.22,0.488,11.0,74.7,0.194
Toronto Raptors_13,25.6,48.0,34.0,50,32,3.24,-0.69,2.55,108.8,105.3,3.5,91.8,0.306,0.285,0.545,0.498,13.2,27.2,0.239,0.493,14.1,74.9,0.237
Phoenix Suns_13,26.2,48.0,34.0,48,34,2.63,0.39,3.02,109.5,106.7,2.8,95.8,0.293,0.3,0.558,0.519,14.0,26.4,0.222,0.496,13.9,73.7,0.237
Minnesota Timberwolves_13,26.3,40.0,42.0,48,34,2.67,0.43,3.1,108.9,106.2,2.7,97.3,0.321,0.245,0.535,0.486,12.2,27.4,0.249,0.518,14.8,74.4,0.177
Dallas Mavericks_13,30.6,49.0,33.0,48,34,2.4,0.5,2.91,111.2,108.7,2.5,93.5,0.253,0.274,0.564,0.526,12.7,24.6,0.201,0.515,14.8,72.7,0.229
Chicago Bulls_13,28.6,48.0,34.0,47,35,1.85,-0.66,1.2,102.5,100.5,2.0,90.2,0.29,0.222,0.518,0.471,14.2,27.2,0.226,0.471,13.7,75.4,0.189
Memphis Grizzlies_13,28.5,50.0,32.0,46,36,1.57,0.61,2.18,106.3,104.6,1.7,89.9,0.248,0.171,0.529,0.494,13.1,28.3,0.184,0.497,13.8,75.7,0.199
Washington Wizards_13,26.3,44.0,38.0,45,37,1.27,-0.79,0.48,106.0,104.6,1.4,93.2,0.248,0.246,0.538,0.506,13.6,25.2,0.181,0.504,15.0,75.7,0.22
Charlotte Bobcats_13,25.5,43.0,39.0,40,42,-0.22,-0.67,-0.89,103.6,103.8,-0.2,92.4,0.297,0.219,0.522,0.481,11.7,21.9,0.219,0.491,12.6,77.6,0.183
Atlanta Hawks_13,27.5,38.0,44.0,40,42,-0.48,-0.4,-0.88,105.9,106.4,-0.5,94.6,0.266,0.316,0.554,0.515,14.3,21.0,0.208,0.51,14.0,74.4,0.196
New York Knicks_13,28.3,37.0,45.0,39,43,-0.79,-0.61,-1.4,108.3,109.1,-0.8,90.3,0.248,0.302,0.541,0.505,12.5,25.1,0.189,0.514,14.0,74.3,0.245
Brooklyn Nets_13,30.0,44.0,38.0,38,44,-1.0,-0.58,-1.58,106.7,107.7,-1.0,91.4,0.313,0.301,0.555,0.514,14.1,21.7,0.236,0.509,14.9,72.3,0.236
Denver Nuggets_13,26.0,36.0,46.0,35,47,-2.15,0.75,-1.4,106.0,108.2,-2.2,98.1,0.306,0.278,0.536,0.497,14.0,27.5,0.222,0.5,12.8,74.5,0.233
New Orleans Pelicans_13,24.3,34.0,48.0,33,49,-2.71,0.73,-1.98,107.2,110.1,-2.9,92.2,0.286,0.193,0.537,0.495,12.9,26.9,0.22,0.515,13.6,73.8,0.249
Sacramento Kings_13,24.9,28.0,54.0,33,49,-2.9,0.82,-2.08,105.7,108.8,-3.1,94.4,0.331,0.218,0.532,0.484,13.9,27.8,0.251,0.512,12.7,76.6,0.234
Cleveland Cavaliers_13,24.9,33.0,49.0,32,50,-3.29,-0.57,-3.86,104.2,107.7,-3.5,93.1,0.268,0.236,0.518,0.479,13.0,27.2,0.201,0.508,13.0,75.8,0.199
Detroit Pistons_13,24.7,29.0,53.0,31,51,-3.66,-0.48,-4.13,105.9,109.7,-3.8,94.9,0.296,0.222,0.514,0.482,12.9,31.4,0.199,0.52,13.8,73.4,0.218
Boston Celtics_13,25.4,25.0,57.0,28,54,-4.46,-0.51,-4.97,102.9,107.7,-4.8,93.3,0.248,0.251,0.517,0.477,14.2,27.4,0.193,0.505,13.4,74.2,0.227
Orlando Magic_13,24.6,23.0,59.0,26,56,-5.44,-0.44,-5.88,101.7,107.4,-5.7,93.6,0.253,0.235,0.525,0.487,13.9,22.4,0.193,0.504,13.0,75.5,0.211
Los Angeles Lakers_13,26.8,27.0,55.0,25,57,-6.29,0.96,-5.33,104.2,110.6,-6.4,98.7,0.263,0.291,0.542,0.505,13.7,20.2,0.199,0.513,12.4,71.0,0.192
Utah Jazz_13,24.5,25.0,57.0,22,60,-7.17,0.91,-6.27,103.5,111.3,-7.8,91.4,0.271,0.237,0.523,0.484,13.9,25.5,0.202,0.518,12.1,74.5,0.227
Milwaukee Bucks_13,24.7,15.0,67.0,20,62,-8.18,-0.23,-8.41,103.0,111.8,-8.8,91.8,0.274,0.231,0.519,0.479,14.1,27.1,0.204,0.52,13.2,71.4,0.225
Philadelphia 76ers_13,23.4,19.0,63.0,16,66,-10.45,-0.21,-10.66,99.4,109.9,-10.5,99.2,0.268,0.258,0.51,0.475,14.8,24.8,0.19,0.524,14.9,72.4,0.244
Oklahoma City Thunder_12,26.0,60.0,22.0,64,18,9.21,-0.06,9.15,112.4,102.6,9.8,93.3,0.338,0.244,0.58,0.527,14.4,26.7,0.28,0.469,13.5,73.4,0.197
Miami Heat_12,30.3,66.0,16.0,62,20,7.87,-0.84,7.03,112.3,103.7,8.6,90.7,0.297,0.285,0.588,0.552,13.7,22.2,0.224,0.487,14.8,73.0,0.2
Los Angeles Clippers_12,28.8,56.0,26.0,59,23,6.45,-0.02,6.43,110.6,103.6,7.0,91.1,0.286,0.265,0.557,0.526,13.9,28.8,0.203,0.492,15.4,73.5,0.229
San Antonio Spurs_12,28.6,58.0,24.0,58,24,6.4,0.27,6.67,108.3,101.6,6.7,94.2,0.258,0.264,0.568,0.531,14.0,20.5,0.204,0.48,13.7,74.9,0.179
Denver Nuggets_12,26.1,57.0,25.0,55,27,5.09,0.28,5.37,110.4,105.1,5.3,95.1,0.308,0.217,0.549,0.515,13.6,31.4,0.216,0.493,14.3,71.8,0.193
New York Knicks_12,30.2,54.0,28.0,53,29,4.23,-0.5,3.73,111.1,106.3,4.8,89.8,0.258,0.354,0.55,0.515,11.7,25.6,0.196,0.508,14.8,74.7,0.216
Memphis Grizzlies_12,27.0,56.0,26.0,54,28,4.15,0.18,4.32,104.9,100.3,4.6,88.4,0.261,0.166,0.514,0.472,13.3,31.0,0.202,0.475,15.2,74.3,0.209
Indiana Pacers_12,25.7,49.0,32.0,52,29,4.02,-0.69,3.34,104.3,99.8,4.5,90.2,0.293,0.245,0.521,0.479,14.3,30.3,0.219,0.453,12.9,74.6,0.197
Houston Rockets_12,24.4,45.0,37.0,50,32,3.48,0.22,3.69,109.7,106.1,3.6,96.1,0.308,0.349,0.564,0.525,14.9,26.4,0.232,0.502,13.5,75.2,0.196
Brooklyn Nets_12,28.6,49.0,33.0,46,36,1.78,-0.53,1.25,108.2,106.2,2.0,88.8,0.299,0.269,0.536,0.498,14.0,30.9,0.219,0.503,13.1,73.7,0.174
Los Angeles Lakers_12,30.7,45.0,37.0,44,38,1.16,0.32,1.48,107.8,106.6,1.2,94.4,0.345,0.303,0.548,0.512,13.9,27.0,0.239,0.496,11.9,74.3,0.163
Golden State Warriors_12,25.3,47.0,35.0,44,38,0.89,0.42,1.32,106.4,105.5,0.9,94.5,0.255,0.239,0.545,0.506,14.0,25.4,0.201,0.486,12.4,75.5,0.211
Atlanta Hawks_12,27.1,44.0,38.0,42,40,0.4,-0.48,-0.08,104.8,104.4,0.4,92.6,0.244,0.286,0.546,0.517,14.2,22.2,0.174,0.496,14.2,73.6,0.181
Chicago Bulls_12,28.0,45.0,37.0,42,40,0.32,-0.33,-0.02,103.5,103.2,0.3,89.3,0.259,0.189,0.512,0.47,13.6,29.4,0.201,0.477,13.2,73.6,0.206
Utah Jazz_12,26.3,43.0,39.0,41,41,-0.09,0.38,0.3,106.7,106.8,-0.1,90.9,0.281,0.206,0.533,0.492,13.8,28.8,0.214,0.501,14.0,73.2,0.226
Boston Celtics_12,29.1,41.0,40.0,40,41,-0.22,-0.4,-0.62,103.1,103.3,-0.2,91.7,0.263,0.215,0.542,0.503,14.1,20.1,0.204,0.482,14.2,73.3,0.216
Dallas Mavericks_12,29.5,41.0,41.0,39,43,-0.6,0.36,-0.24,105.9,106.5,-0.6,94.1,0.242,0.236,0.544,0.506,13.0,21.8,0.192,0.492,13.3,73.1,0.227
Milwaukee Bucks_12,26.4,38.0,44.0,37,45,-1.5,-0.33,-1.83,103.6,105.2,-1.6,94.7,0.236,0.232,0.51,0.476,12.7,27.9,0.174,0.492,14.4,71.3,0.201
Toronto Raptors_12,25.4,34.0,48.0,37,45,-1.48,-0.48,-1.96,105.9,107.5,-1.6,90.4,0.274,0.249,0.532,0.488,13.0,25.5,0.216,0.5,13.6,73.4,0.247
Minnesota Timberwolves_12,26.4,31.0,51.0,34,48,-2.37,0.54,-1.83,102.9,105.4,-2.5,92.8,0.305,0.22,0.516,0.473,13.8,27.4,0.226,0.511,15.0,74.0,0.187
Washington Wizards_12,25.4,29.0,53.0,33,49,-2.54,-0.25,-2.78,100.2,103.0,-2.8,92.2,0.261,0.223,0.512,0.475,14.2,24.6,0.191,0.483,13.7,74.6,0.206
Portland Trail Blazers_12,24.4,33.0,49.0,32,50,-3.17,0.65,-2.53,105.8,109.2,-3.4,91.4,0.25,0.284,0.536,0.498,13.9,25.3,0.194,0.512,12.5,73.3,0.189
Philadelphia 76ers_12,25.2,34.0,48.0,31,51,-3.34,-0.17,-3.51,102.0,105.7,-3.7,91.0,0.2,0.209,0.509,0.481,12.5,24.9,0.146,0.495,13.7,73.4,0.2
Detroit Pistons_12,25.3,29.0,53.0,29,53,-3.99,-0.34,-4.33,103.8,108.1,-4.3,90.8,0.282,0.217,0.521,0.487,14.3,28.3,0.197,0.505,13.1,73.0,0.209
New Orleans Hornets_12,24.0,27.0,55.0,30,52,-3.87,0.75,-3.12,105.7,110.1,-4.4,88.5,0.248,0.224,0.528,0.489,14.0,29.2,0.193,0.52,13.1,74.4,0.208
Cleveland Cavaliers_12,24.1,24.0,58.0,28,54,-4.68,-0.19,-4.87,104.3,109.4,-5.1,92.3,0.265,0.229,0.514,0.473,13.0,28.1,0.2,0.523,14.4,72.6,0.225
Sacramento Kings_12,25.6,28.0,54.0,28,54,-4.88,0.62,-4.26,106.2,111.4,-5.2,93.6,0.271,0.243,0.532,0.491,13.4,26.6,0.208,0.517,13.6,71.0,0.227
Phoenix Suns_12,26.9,25.0,57.0,23,59,-6.46,0.71,-5.75,101.2,108.1,-6.9,93.4,0.234,0.21,0.512,0.477,14.3,27.0,0.174,0.512,14.2,71.9,0.208
Orlando Magic_12,24.6,20.0,62.0,22,60,-6.99,-0.14,-7.12,101.6,109.1,-7.5,92.2,0.197,0.223,0.514,0.485,13.7,25.4,0.149,0.508,11.8,74.6,0.195
Charlotte Hornets_12,24.4,21.0,61.0,17,65,-9.23,-0.06,-9.29,101.5,111.5,-10.0,91.5,0.31,0.21,0.507,0.46,13.2,25.7,0.233,0.524,13.2,71.1,0.197
Miami Heat_10,29.0,58.0,24.0,61,21,7.46,-0.71,6.76,111.7,103.5,8.2,90.9,0.363,0.235,0.573,0.524,13.5,25.2,0.279,0.475,12.6,75.5,0.223
Chicago Bulls_10,26.4,62.0,20.0,61,21,7.32,-0.79,6.53,108.3,100.3,8.0,90.4,0.305,0.215,0.541,0.501,13.5,29.4,0.227,0.463,13.6,76.2,0.222
Los Angeles Lakers_10,30.2,57.0,25.0,58,24,6.11,-0.1,6.01,111.0,104.3,6.7,90.7,0.293,0.22,0.545,0.502,12.3,29.2,0.228,0.477,12.8,72.3,0.181
San Antonio Spurs_10,28.8,61.0,21.0,56,26,5.71,0.16,5.86,111.8,105.6,6.2,92.3,0.299,0.261,0.567,0.527,12.8,24.9,0.229,0.491,12.6,74.6,0.19
Boston Celtics_10,29.5,56.0,26.0,57,25,5.37,-0.54,4.83,106.2,100.3,5.9,90.4,0.305,0.18,0.561,0.519,14.5,21.1,0.235,0.469,14.8,74.7,0.235
Orlando Magic_10,27.6,52.0,30.0,56,26,5.46,-0.54,4.92,107.9,102.0,5.9,91.2,0.328,0.328,0.554,0.521,14.3,26.1,0.227,0.475,13.3,76.9,0.219
Denver Nuggets_10,27.3,50.0,32.0,54,28,4.76,0.05,4.81,112.3,107.3,5.0,95.6,0.367,0.258,0.574,0.526,13.1,23.9,0.281,0.5,12.7,75.4,0.224
Dallas Mavericks_10,30.9,57.0,25.0,53,29,4.23,0.18,4.41,109.7,105.0,4.7,91.3,0.286,0.274,0.565,0.525,13.6,24.1,0.222,0.488,13.0,74.8,0.206
Oklahoma City Thunder_10,23.7,55.0,27.0,51,31,3.79,0.02,3.81,111.2,107.2,4.0,92.7,0.363,0.212,0.561,0.501,13.1,27.4,0.299,0.493,12.9,73.6,0.228
Memphis Grizzlies_10,25.2,46.0,36.0,48,34,2.34,0.2,2.55,107.6,105.1,2.5,91.9,0.291,0.136,0.534,0.493,13.0,28.9,0.218,0.502,15.7,72.5,0.228
Houston Rockets_10,26.5,43.0,39.0,47,35,2.18,0.19,2.37,111.3,109.0,2.3,94.2,0.299,0.264,0.55,0.503,12.3,27.4,0.239,0.5,12.6,72.7,0.219
Portland Trail Blazers_10,26.7,48.0,34.0,46,36,1.52,0.32,1.85,108.8,107.1,1.7,87.9,0.278,0.228,0.533,0.486,12.6,29.5,0.224,0.51,15.4,72.0,0.231
Philadelphia 76ers_10,24.7,41.0,41.0,45,37,1.5,-0.5,1.01,106.6,105.0,1.6,91.7,0.273,0.184,0.535,0.494,12.3,24.6,0.21,0.487,13.5,74.5,0.231
New Orleans Hornets_10,26.3,46.0,36.0,44,38,0.89,0.39,1.28,106.2,105.2,1.0,88.7,0.296,0.192,0.537,0.493,12.8,25.1,0.226,0.501,14.4,76.2,0.22
New York Knicks_10,25.3,42.0,40.0,43,39,0.78,-0.3,0.48,110.9,110.1,0.8,95.6,0.304,0.303,0.561,0.513,12.6,24.2,0.246,0.511,13.8,71.9,0.24
Milwaukee Bucks_10,26.7,35.0,47.0,38,44,-0.84,-0.17,-1.02,101.6,102.5,-0.9,89.8,0.287,0.216,0.511,0.467,13.0,24.7,0.217,0.481,14.7,74.8,0.236
Phoenix Suns_10,29.6,40.0,42.0,39,43,-0.89,0.43,-0.46,109.5,110.4,-0.9,94.4,0.283,0.271,0.559,0.522,13.2,23.7,0.215,0.513,13.1,71.6,0.211
Atlanta Hawks_10,27.4,44.0,38.0,39,43,-0.82,-0.28,-1.1,106.1,107.0,-0.9,89.3,0.269,0.222,0.542,0.501,13.5,23.4,0.209,0.495,12.3,74.6,0.211
Indiana Pacers_10,25.9,37.0,45.0,38,44,-1.07,-0.3,-1.38,104.8,106.0,-1.2,94.7,0.3,0.244,0.533,0.486,14.1,25.9,0.235,0.487,12.8,74.1,0.237
Utah Jazz_10,26.8,39.0,43.0,36,46,-1.83,0.39,-1.44,108.1,110.1,-2.0,91.0,0.313,0.191,0.544,0.498,13.5,27.0,0.241,0.505,13.8,71.7,0.275
Golden State Warriors_10,25.2,36.0,46.0,35,47,-2.33,0.33,-2.0,108.2,110.7,-2.5,94.8,0.241,0.248,0.544,0.51,13.3,26.7,0.183,0.509,14.5,69.3,0.259
Los Angeles Clippers_10,24.6,32.0,50.0,32,50,-3.13,0.42,-2.71,105.3,108.7,-3.4,92.8,0.332,0.23,0.535,0.496,15.1,28.4,0.234,0.499,12.8,73.2,0.25
Detroit Pistons_10,27.2,30.0,52.0,31,51,-3.6,-0.18,-3.78,107.7,111.7,-4.0,89.2,0.279,0.189,0.533,0.495,12.5,27.4,0.206,0.526,13.8,72.1,0.235
Charlotte Hornets_10,26.9,34.0,48.0,29,53,-4.0,-0.08,-4.08,103.4,107.8,-4.4,89.6,0.314,0.189,0.528,0.482,14.1,25.7,0.237,0.5,12.9,75.2,0.229
Sacramento Kings_10,24.8,24.0,58.0,27,55,-5.34,0.54,-4.8,103.5,109.0,-5.5,95.2,0.284,0.183,0.519,0.48,14.4,29.9,0.208,0.513,13.5,74.4,0.233
Brooklyn Nets_10,24.8,24.0,58.0,24,58,-6.24,-0.04,-6.28,103.1,109.9,-6.8,89.9,0.283,0.201,0.517,0.474,13.4,26.1,0.215,0.503,11.8,74.2,0.241
Toronto Raptors_10,24.5,22.0,60.0,24,58,-6.28,0.01,-6.28,106.1,112.9,-6.8,92.9,0.293,0.162,0.533,0.491,13.7,28.2,0.221,0.522,13.0,72.0,0.251
Minnesota Timberwolves_10,23.8,17.0,65.0,24,58,-6.63,0.67,-5.97,104.2,111.1,-6.9,96.5,0.282,0.223,0.526,0.483,15.1,29.6,0.217,0.514,13.1,73.7,0.251
Washington Wizards_10,24.9,23.0,59.0,22,60,-7.4,0.11,-7.3,102.4,110.2,-7.8,93.8,0.29,0.172,0.513,0.471,13.9,28.0,0.216,0.512,14.4,70.5,0.249
Cleveland Cavaliers_10,26.6,19.0,63.0,18,64,-9.01,0.14,-8.88,102.2,111.8,-9.6,93.0,0.312,0.224,0.518,0.472,13.4,24.2,0.233,0.524,12.7,73.3,0.211
Orlando Magic_09,27.9,59.0,23.0,61,21,7.49,-0.37,7.12,111.4,103.3,8.1,92.0,0.34,0.35,0.573,0.536,13.6,24.6,0.246,0.477,12.2,77.4,0.205
Cleveland Cavaliers_09,28.0,61.0,21.0,59,23,6.52,-0.36,6.17,111.2,104.1,7.1,91.4,0.341,0.248,0.57,0.532,13.4,25.1,0.246,0.482,12.3,77.2,0.218
Utah Jazz_09,25.6,53.0,29.0,55,27,5.34,-0.01,5.33,110.7,105.0,5.7,93.8,0.34,0.184,0.565,0.524,14.2,26.8,0.252,0.492,14.2,75.6,0.269
San Antonio Spurs_09,28.7,50.0,32.0,55,27,5.09,-0.02,5.07,110.0,104.5,5.5,91.7,0.296,0.232,0.552,0.515,12.9,26.8,0.219,0.483,12.1,76.3,0.214
Atlanta Hawks_09,26.5,53.0,29.0,54,28,4.66,-0.22,4.44,111.9,106.7,5.2,90.1,0.281,0.214,0.545,0.506,11.4,28.2,0.213,0.496,13.2,72.7,0.208
Phoenix Suns_09,28.5,54.0,28.0,54,28,4.9,-0.23,4.67,115.3,110.2,5.1,95.3,0.312,0.261,0.585,0.546,13.6,27.6,0.24,0.491,11.6,70.8,0.224
Los Angeles Lakers_09,28.4,57.0,25.0,54,28,4.72,0.06,4.78,108.8,103.7,5.1,92.8,0.289,0.227,0.538,0.496,12.4,27.6,0.221,0.484,13.2,74.4,0.195
Denver Nuggets_09,27.7,53.0,29.0,52,30,4.09,0.06,4.15,111.8,107.5,4.3,94.8,0.376,0.227,0.561,0.509,12.7,26.1,0.29,0.495,13.8,72.4,0.251
Boston Celtics_09,29.4,50.0,32.0,52,30,3.66,-0.29,3.37,107.7,103.8,3.9,91.6,0.332,0.228,0.564,0.522,14.5,22.8,0.248,0.487,14.9,73.8,0.251
Portland Trail Blazers_09,26.6,50.0,32.0,51,31,3.3,-0.13,3.18,110.8,107.1,3.7,87.7,0.315,0.215,0.547,0.499,12.1,28.2,0.249,0.502,13.3,74.8,0.219
Oklahoma City Thunder_09,23.2,50.0,32.0,51,31,3.49,0.06,3.55,108.3,104.6,3.7,93.1,0.333,0.185,0.547,0.494,13.9,28.6,0.268,0.483,14.0,73.6,0.229
Dallas Mavericks_09,30.7,55.0,27.0,49,33,2.72,-0.06,2.66,109.2,106.3,2.9,92.5,0.277,0.222,0.552,0.506,12.3,24.3,0.226,0.495,13.6,73.7,0.206
Miami Heat_09,27.1,47.0,35.0,48,34,2.28,-0.29,1.99,106.6,104.1,2.5,89.6,0.296,0.219,0.537,0.496,12.8,26.1,0.223,0.48,13.9,74.9,0.246
Milwaukee Bucks_09,26.4,46.0,36.0,46,36,1.7,-0.32,1.37,104.9,103.1,1.8,91.7,0.239,0.259,0.518,0.482,12.3,26.2,0.181,0.486,14.6,76.4,0.266
Charlotte Bobcats_09,27.4,44.0,38.0,45,37,1.46,-0.17,1.3,104.4,102.8,1.6,90.4,0.346,0.211,0.538,0.49,15.1,26.5,0.26,0.491,14.7,74.2,0.194
Houston Rockets_09,26.0,42.0,40.0,40,42,-0.37,0.35,-0.02,107.6,108.0,-0.4,94.0,0.292,0.265,0.537,0.494,13.2,26.9,0.225,0.511,13.6,73.8,0.215
Memphis Grizzlies_09,24.1,40.0,42.0,37,45,-1.51,0.13,-1.39,108.3,109.9,-1.6,93.6,0.32,0.148,0.536,0.494,13.7,31.3,0.235,0.52,13.2,73.3,0.205
Chicago Bulls_09,26.2,41.0,41.0,36,46,-1.63,0.0,-1.64,103.5,105.3,-1.8,93.1,0.287,0.156,0.52,0.477,13.3,26.6,0.217,0.484,12.3,74.8,0.212
Toronto Raptors_09,25.2,40.0,42.0,36,46,-1.78,-0.05,-1.83,111.3,113.2,-1.9,93.1,0.319,0.211,0.564,0.521,12.7,24.7,0.244,0.513,11.8,72.9,0.247
New Orleans Hornets_09,27.5,37.0,45.0,34,48,-2.46,0.19,-2.27,107.4,110.1,-2.7,92.6,0.243,0.23,0.543,0.506,12.7,24.8,0.189,0.523,13.5,73.8,0.205
Indiana Pacers_09,26.6,32.0,50.0,33,49,-3.01,-0.1,-3.11,103.7,106.8,-3.1,97.1,0.296,0.278,0.536,0.491,13.8,21.6,0.229,0.49,13.4,73.0,0.258
Golden State Warriors_09,25.1,26.0,56.0,32,50,-3.6,0.32,-3.28,108.1,111.7,-3.6,100.4,0.294,0.238,0.557,0.514,13.1,20.9,0.23,0.525,15.1,68.5,0.26
New York Knicks_09,25.4,29.0,53.0,31,51,-3.82,-0.19,-4.01,107.6,111.6,-4.0,94.0,0.256,0.312,0.547,0.509,13.0,23.5,0.2,0.526,13.3,72.1,0.207
Philadelphia 76ers_09,25.4,27.0,55.0,30,52,-3.9,-0.03,-3.93,106.1,110.3,-4.2,91.6,0.27,0.206,0.534,0.496,13.7,27.6,0.204,0.518,13.8,73.2,0.231
Sacramento Kings_09,24.1,25.0,57.0,29,53,-4.37,0.3,-4.06,105.3,109.9,-4.6,94.0,0.286,0.201,0.528,0.491,13.6,27.8,0.207,0.505,12.6,73.5,0.244
Washington Wizards_09,27.6,26.0,56.0,28,54,-4.78,0.06,-4.72,104.2,109.4,-5.2,91.6,0.283,0.183,0.524,0.481,13.9,27.6,0.216,0.502,12.8,72.4,0.239
Detroit Pistons_09,26.7,27.0,55.0,26,56,-5.11,0.09,-5.02,105.6,111.4,-5.8,88.5,0.303,0.18,0.515,0.474,12.8,30.3,0.22,0.526,14.2,73.4,0.264
Los Angeles Clippers_09,27.3,29.0,53.0,24,58,-6.35,0.34,-6.01,103.3,110.1,-6.8,92.6,0.283,0.221,0.529,0.491,14.8,27.1,0.206,0.509,12.2,74.0,0.214
Minnesota Timberwolves_09,24.1,15.0,67.0,17,65,-9.6,0.54,-9.06,101.7,111.6,-9.9,96.1,0.278,0.171,0.518,0.478,14.6,26.7,0.207,0.525,13.0,73.6,0.22
Brooklyn Nets_09,24.8,12.0,70.0,17,65,-9.12,0.19,-8.93,100.6,110.5,-9.9,91.4,0.307,0.181,0.509,0.458,13.7,25.1,0.24,0.517,13.3,71.8,0.229
Cleveland Cavaliers_08,26.6,66.0,16.0,65,17,8.93,-0.25,8.68,112.4,102.4,10.0,88.7,0.312,0.259,0.56,0.519,12.5,27.7,0.236,0.468,13.5,74.6,0.226
Boston Celtics_08,27.8,62.0,20.0,61,21,7.51,-0.07,7.44,110.5,102.3,8.2,90.4,0.328,0.214,0.571,0.528,15.0,27.9,0.251,0.47,14.0,75.6,0.253
Los Angeles Lakers_08,27.4,65.0,17.0,61,21,7.66,-0.55,7.11,112.8,104.7,8.1,94.3,0.299,0.217,0.555,0.513,12.3,29.4,0.23,0.49,14.2,73.0,0.213
Orlando Magic_08,27.3,59.0,23.0,59,23,6.7,-0.21,6.48,109.2,101.9,7.3,92.3,0.351,0.335,0.559,0.52,13.4,24.0,0.251,0.465,12.3,75.9,0.209
Portland Trail Blazers_08,24.0,54.0,28.0,56,26,5.34,-0.35,5.0,113.9,107.8,6.1,86.6,0.306,0.239,0.553,0.511,12.5,32.6,0.234,0.499,13.2,75.0,0.227
Houston Rockets_08,27.9,53.0,29.0,53,29,4.0,-0.27,3.73,108.4,104.0,4.4,90.2,0.292,0.254,0.548,0.501,13.6,26.4,0.235,0.479,11.9,75.3,0.192
San Antonio Spurs_08,30.4,54.0,28.0,52,30,3.76,-0.4,3.36,108.5,104.3,4.2,88.4,0.251,0.248,0.548,0.513,11.7,22.1,0.191,0.487,11.7,78.0,0.191
Denver Nuggets_08,27.7,54.0,28.0,50,32,3.41,-0.29,3.13,110.4,106.8,3.6,94.3,0.382,0.227,0.563,0.512,14.2,27.5,0.29,0.485,14.1,71.7,0.259
Utah Jazz_08,25.5,48.0,34.0,48,34,2.65,-0.34,2.31,110.1,107.3,2.8,93.1,0.355,0.169,0.554,0.504,13.6,28.2,0.274,0.505,15.0,72.7,0.262
Dallas Mavericks_08,29.0,50.0,32.0,47,35,1.98,-0.3,1.68,110.5,108.4,2.1,91.5,0.274,0.241,0.55,0.504,12.1,26.6,0.224,0.493,12.3,74.6,0.225
Phoenix Suns_08,29.5,46.0,36.0,46,36,1.93,-0.31,1.62,113.6,111.6,2.0,96.0,0.336,0.216,0.584,0.545,14.4,27.7,0.25,0.511,12.8,71.7,0.233
Atlanta Hawks_08,25.8,47.0,35.0,46,36,1.57,0.13,1.7,109.3,107.6,1.7,89.6,0.323,0.253,0.546,0.504,12.5,26.0,0.238,0.494,13.2,71.6,0.21
New Orleans Hornets_08,28.2,49.0,33.0,46,36,1.55,-0.14,1.41,108.7,107.0,1.7,87.8,0.288,0.24,0.548,0.501,12.5,24.6,0.232,0.496,13.2,74.9,0.23
Miami Heat_08,25.6,43.0,39.0,42,40,0.26,0.23,0.49,107.8,107.6,0.2,89.9,0.282,0.245,0.54,0.5,12.1,24.6,0.212,0.501,14.5,72.9,0.251
Philadelphia 76ers_08,26.1,41.0,41.0,41,41,0.07,0.09,0.16,107.9,107.8,0.1,90.0,0.339,0.164,0.532,0.485,13.4,31.3,0.253,0.507,14.9,71.4,0.216
Chicago Bulls_08,24.9,41.0,41.0,40,42,-0.28,0.12,-0.16,108.4,108.7,-0.3,93.1,0.3,0.189,0.541,0.493,13.3,28.0,0.239,0.493,13.1,70.9,0.238
Detroit Pistons_08,28.2,39.0,43.0,40,42,-0.49,0.13,-0.36,107.4,108.0,-0.6,86.7,0.282,0.165,0.524,0.483,11.7,27.9,0.212,0.485,11.7,74.0,0.248
Indiana Pacers_08,26.5,36.0,46.0,38,44,-1.11,0.35,-0.76,108.1,109.2,-1.1,96.5,0.267,0.244,0.545,0.501,13.1,25.4,0.215,0.499,12.7,74.5,0.271
Milwaukee Bucks_08,26.3,34.0,48.0,38,44,-1.09,0.21,-0.88,106.7,107.9,-1.2,92.6,0.306,0.208,0.531,0.483,13.1,27.8,0.239,0.503,15.6,74.0,0.315
Charlotte Hornets_08,25.8,35.0,47.0,37,45,-1.27,0.07,-1.2,104.7,106.1,-1.4,88.3,0.312,0.213,0.536,0.494,15.1,27.7,0.231,0.498,14.4,73.0,0.229
New York Knicks_08,25.7,32.0,50.0,34,48,-2.61,0.28,-2.33,108.1,110.8,-2.7,96.7,0.268,0.322,0.544,0.503,12.9,24.4,0.21,0.52,13.0,72.7,0.215
Brooklyn Nets_08,25.7,34.0,48.0,34,48,-2.44,0.13,-2.31,108.3,111.0,-2.7,89.9,0.303,0.265,0.543,0.497,12.7,25.2,0.236,0.509,13.0,73.5,0.272
Toronto Raptors_08,27.0,33.0,49.0,33,49,-2.82,0.28,-2.54,107.0,110.0,-3.0,92.0,0.279,0.193,0.542,0.494,12.8,24.0,0.23,0.511,12.6,73.7,0.202
Golden State Warriors_08,25.0,29.0,53.0,31,51,-3.74,-0.06,-3.8,109.5,113.3,-3.8,98.2,0.339,0.209,0.549,0.497,12.9,26.1,0.268,0.508,12.9,68.1,0.251
Minnesota Timberwolves_08,25.4,24.0,58.0,27,55,-4.91,0.18,-4.74,106.1,111.4,-5.3,91.6,0.289,0.227,0.526,0.481,13.3,27.7,0.222,0.515,12.0,75.0,0.254
Memphis Grizzlies_08,23.3,24.0,58.0,26,56,-5.46,0.24,-5.23,103.5,109.5,-6.0,90.1,0.329,0.175,0.533,0.486,14.8,25.8,0.249,0.515,14.1,73.5,0.247
Oklahoma City Thunder_08,24.5,23.0,59.0,24,58,-6.1,0.06,-6.04,102.9,109.4,-6.5,93.6,0.308,0.141,0.521,0.471,14.8,28.6,0.242,0.514,13.0,73.9,0.216
Washington Wizards_08,26.9,19.0,63.0,21,61,-7.46,0.48,-6.98,105.4,113.6,-8.2,91.0,0.293,0.18,0.524,0.48,13.2,27.7,0.224,0.533,13.3,71.4,0.227
Sacramento Kings_08,26.3,17.0,65.0,19,63,-8.76,0.16,-8.6,105.5,114.7,-9.2,94.2,0.315,0.238,0.542,0.491,14.3,24.5,0.252,0.526,13.0,69.9,0.269
Los Angeles Clippers_08,26.6,19.0,63.0,18,64,-8.77,0.3,-8.47,102.3,111.7,-9.4,92.1,0.275,0.226,0.52,0.481,14.0,25.1,0.202,0.512,12.4,71.2,0.227
Boston Celtics_07,27.9,66.0,16.0,67,15,10.26,-0.95,9.3,110.2,98.9,11.3,90.9,0.346,0.249,0.569,0.522,14.7,26.6,0.267,0.457,15.2,74.4,0.253
Detroit Pistons_07,28.3,59.0,23.0,62,20,7.39,-0.72,6.67,111.4,102.9,8.5,87.3,0.3,0.203,0.539,0.495,11.4,29.4,0.23,0.47,13.4,73.7,0.244
Los Angeles Lakers_07,26.7,57.0,25.0,59,23,7.26,0.09,7.34,113.0,105.5,7.5,95.6,0.333,0.257,0.57,0.525,12.9,26.3,0.256,0.485,12.9,73.4,0.214
Utah Jazz_07,25.3,54.0,28.0,59,23,6.88,-0.01,6.86,113.8,106.5,7.3,93.2,0.349,0.166,0.573,0.528,13.6,29.5,0.265,0.501,15.0,74.1,0.294
Orlando Magic_07,26.7,52.0,30.0,56,26,5.46,-0.68,4.79,111.3,105.5,5.8,93.4,0.355,0.322,0.575,0.537,13.6,23.4,0.256,0.484,12.3,74.8,0.217
New Orleans Hornets_07,27.1,56.0,26.0,56,26,5.28,0.18,5.46,111.5,105.7,5.8,89.9,0.251,0.239,0.548,0.512,11.4,27.0,0.193,0.501,13.5,75.4,0.184
San Antonio Spurs_07,31.4,56.0,26.0,55,27,4.79,0.31,5.1,107.2,101.8,5.4,88.8,0.276,0.251,0.543,0.504,12.6,23.4,0.21,0.477,12.8,77.1,0.201
Houston Rockets_07,28.3,55.0,27.0,55,27,4.68,0.15,4.83,106.8,101.6,5.2,90.4,0.276,0.255,0.528,0.492,13.0,29.1,0.2,0.465,12.8,74.8,0.214
Phoenix Suns_07,29.3,55.0,27.0,54,28,5.05,0.09,5.14,113.3,108.1,5.2,96.7,0.292,0.26,0.59,0.551,13.4,22.4,0.228,0.488,11.8,70.9,0.191
Dallas Mavericks_07,28.9,51.0,31.0,54,28,4.54,0.16,4.7,111.1,106.1,5.0,90.2,0.318,0.215,0.554,0.502,12.3,26.7,0.259,0.474,11.7,75.0,0.252
Denver Nuggets_07,28.5,50.0,32.0,51,31,3.71,0.03,3.74,110.0,106.3,3.7,99.7,0.358,0.228,0.557,0.51,12.9,25.5,0.269,0.499,14.1,72.1,0.203
Toronto Raptors_07,26.3,41.0,41.0,49,33,2.9,-0.44,2.47,110.2,107.0,3.2,90.2,0.247,0.217,0.551,0.511,11.4,23.4,0.2,0.505,13.5,75.0,0.205
Golden State Warriors_07,25.5,48.0,34.0,47,35,2.21,0.17,2.38,111.8,109.5,2.3,98.8,0.276,0.295,0.548,0.511,11.5,27.2,0.208,0.509,14.7,70.3,0.258
Philadelphia 76ers_07,25.3,40.0,42.0,42,40,0.41,-0.23,0.19,106.4,106.0,0.4,90.4,0.321,0.143,0.522,0.482,13.4,31.8,0.227,0.504,15.1,72.0,0.205
Washington Wizards_07,27.2,43.0,39.0,40,42,-0.33,-0.28,-0.61,109.2,109.6,-0.4,89.5,0.297,0.241,0.535,0.489,12.5,28.9,0.233,0.513,13.5,72.8,0.217
Cleveland Cavaliers_07,27.1,45.0,37.0,40,42,-0.35,-0.17,-0.53,106.0,106.4,-0.4,90.2,0.308,0.231,0.52,0.48,13.1,30.4,0.221,0.494,12.9,75.9,0.24
Portland Trail Blazers_07,24.1,41.0,41.0,38,44,-0.98,0.45,-0.52,107.3,108.4,-1.1,87.9,0.281,0.218,0.532,0.489,12.6,26.8,0.216,0.491,12.1,71.8,0.212
Indiana Pacers_07,26.7,36.0,46.0,37,45,-1.4,-0.46,-1.87,106.0,107.5,-1.5,97.7,0.292,0.289,0.54,0.498,13.5,24.4,0.224,0.498,14.1,73.9,0.271
Atlanta Hawks_07,24.2,37.0,45.0,36,46,-1.82,-0.41,-2.23,106.9,108.9,-2.0,91.1,0.34,0.165,0.535,0.483,14.0,29.7,0.263,0.501,12.9,71.7,0.217
Sacramento Kings_07,27.3,38.0,44.0,35,47,-2.26,0.4,-1.86,107.5,109.9,-2.4,94.7,0.346,0.208,0.556,0.503,14.8,25.2,0.276,0.51,13.9,71.7,0.256
Chicago Bulls_07,25.7,33.0,49.0,32,50,-3.09,-0.11,-3.19,103.9,107.2,-3.3,93.0,0.296,0.19,0.515,0.47,13.4,28.9,0.223,0.496,14.2,73.1,0.258
Charlotte Hornets_07,26.3,32.0,50.0,29,53,-4.38,-0.11,-4.49,104.6,109.4,-4.8,91.8,0.323,0.22,0.532,0.492,13.9,25.6,0.23,0.505,13.4,71.0,0.235
Brooklyn Nets_07,27.4,34.0,48.0,27,55,-5.06,-0.09,-5.15,104.0,109.4,-5.4,91.5,0.347,0.222,0.528,0.481,14.2,26.6,0.255,0.497,12.7,73.8,0.271
Memphis Grizzlies_07,24.5,22.0,60.0,25,57,-6.21,0.45,-5.76,105.0,111.4,-6.4,95.3,0.311,0.264,0.539,0.5,14.0,23.8,0.225,0.521,12.2,73.4,0.196
New York Knicks_07,25.7,23.0,59.0,23,59,-6.61,0.06,-6.55,104.7,111.9,-7.2,91.6,0.31,0.215,0.518,0.475,13.4,28.6,0.226,0.518,12.1,72.7,0.229
Minnesota Timberwolves_07,24.6,22.0,60.0,23,59,-6.78,0.52,-6.26,103.8,111.2,-7.4,91.9,0.248,0.185,0.518,0.484,13.6,27.5,0.183,0.513,12.9,73.6,0.269
Milwaukee Bucks_07,25.8,26.0,56.0,23,59,-6.89,-0.03,-6.92,105.3,112.8,-7.5,91.3,0.294,0.195,0.522,0.482,13.7,30.0,0.215,0.524,13.0,73.0,0.25
Los Angeles Clippers_07,28.5,23.0,59.0,21,61,-7.27,0.71,-6.56,101.2,109.1,-7.9,92.1,0.338,0.167,0.519,0.465,13.7,23.1,0.264,0.503,12.8,73.1,0.236
Oklahoma City Thunder_07,25.4,20.0,62.0,19,63,-8.76,0.72,-8.04,100.5,109.5,-9.0,96.3,0.265,0.134,0.509,0.467,14.3,26.8,0.204,0.503,11.9,73.7,0.215
Miami Heat_07,27.4,15.0,67.0,18,64,-8.65,0.11,-8.53,100.5,110.0,-9.5,90.2,0.3,0.217,0.522,0.482,14.4,22.1,0.218,0.51,13.6,71.9,0.245
San Antonio Spurs_06,30.4,58.0,24.0,64,18,8.43,-0.08,8.35,109.2,99.9,9.3,89.8,0.313,0.247,0.561,0.521,13.6,24.2,0.235,0.471,14.0,75.7,0.201
Dallas Mavericks_06,28.1,67.0,15.0,61,21,7.22,0.06,7.28,111.3,103.2,8.1,89.5,0.317,0.218,0.559,0.509,13.4,28.7,0.256,0.477,14.2,75.0,0.265
Phoenix Suns_06,27.6,61.0,21.0,59,23,7.3,-0.03,7.28,113.9,106.4,7.5,95.6,0.267,0.287,0.59,0.551,13.4,22.7,0.215,0.492,13.6,71.9,0.206
Chicago Bulls_06,26.0,49.0,33.0,55,27,5.01,-0.49,4.52,104.9,99.6,5.3,93.6,0.313,0.186,0.534,0.493,14.7,28.6,0.229,0.473,16.2,74.3,0.252
Houston Rockets_06,28.2,52.0,30.0,55,27,4.85,0.19,5.04,106.0,100.7,5.3,90.7,0.292,0.29,0.54,0.499,13.6,25.7,0.22,0.466,13.6,77.0,0.23
Detroit Pistons_06,29.0,53.0,29.0,53,29,4.16,-0.47,3.69,108.9,104.2,4.7,87.3,0.307,0.201,0.535,0.488,12.0,28.3,0.237,0.477,14.3,70.9,0.234
Cleveland Cavaliers_06,26.9,50.0,32.0,52,30,3.83,-0.5,3.33,105.5,101.3,4.2,90.8,0.32,0.211,0.522,0.484,13.4,29.7,0.223,0.48,14.7,75.8,0.243
Utah Jazz_06,25.9,51.0,31.0,49,33,2.87,0.2,3.06,110.1,107.0,3.1,91.6,0.38,0.163,0.551,0.502,14.5,31.7,0.283,0.496,14.4,75.1,0.314
Denver Nuggets_06,26.5,45.0,37.0,45,37,1.62,0.07,1.69,107.6,105.9,1.7,97.4,0.36,0.212,0.548,0.501,14.6,28.9,0.268,0.499,14.5,71.8,0.203
Toronto Raptors_06,26.0,47.0,35.0,44,38,0.99,-0.38,0.61,107.0,106.0,1.0,92.6,0.303,0.224,0.55,0.504,13.0,22.2,0.239,0.503,14.3,74.5,0.219
Orlando Magic_06,25.6,40.0,42.0,43,39,0.78,-0.43,0.35,104.9,104.1,0.8,89.9,0.393,0.158,0.544,0.5,16.3,29.3,0.276,0.48,14.6,73.7,0.286
Los Angeles Lakers_06,25.3,42.0,40.0,41,41,-0.07,0.32,0.24,108.6,108.6,0.0,93.5,0.333,0.259,0.554,0.511,14.3,26.1,0.249,0.5,13.5,72.3,0.262
Golden State Warriors_06,24.6,42.0,40.0,40,42,-0.34,0.34,0.0,107.0,107.4,-0.4,99.2,0.3,0.279,0.548,0.512,14.1,25.6,0.215,0.506,16.1,69.6,0.264
Washington Wizards_06,26.8,41.0,41.0,40,42,-0.51,-0.28,-0.8,110.1,110.6,-0.5,94.1,0.356,0.237,0.542,0.491,12.6,28.1,0.272,0.517,14.4,71.0,0.249
Los Angeles Clippers_06,27.5,40.0,42.0,40,42,-0.46,0.39,-0.07,105.1,105.6,-0.5,90.8,0.355,0.143,0.537,0.481,14.5,27.2,0.28,0.488,13.3,74.7,0.249
New Jersey Nets_06,28.2,41.0,41.0,39,43,-0.77,-0.23,-1.0,105.7,106.6,-0.9,91.4,0.338,0.263,0.546,0.504,14.2,24.6,0.245,0.49,13.7,74.4,0.266
Miami Heat_06,29.3,44.0,38.0,38,44,-0.91,-0.29,-1.21,104.3,105.3,-1.0,89.9,0.321,0.245,0.541,0.506,14.3,24.9,0.222,0.485,13.8,73.3,0.232
New OrleansOklahoma City Hornets_06,26.4,39.0,43.0,36,46,-1.57,0.38,-1.19,104.8,106.5,-1.7,90.2,0.291,0.188,0.52,0.479,13.6,29.1,0.215,0.499,13.2,74.7,0.212
Sacramento Kings_06,27.3,33.0,49.0,36,46,-1.8,0.46,-1.35,106.2,108.0,-1.8,94.8,0.379,0.232,0.545,0.491,13.5,23.1,0.289,0.513,14.9,72.5,0.24
Indiana Pacers_06,27.2,35.0,47.0,34,48,-2.44,-0.18,-2.62,102.9,105.5,-2.6,92.4,0.324,0.212,0.523,0.474,15.1,28.4,0.246,0.491,14.8,72.7,0.271
Oklahoma City Thunder_06,25.9,31.0,51.0,33,49,-2.89,0.45,-2.45,107.2,110.3,-3.1,91.8,0.288,0.219,0.544,0.499,14.5,27.8,0.228,0.515,14.1,70.9,0.243
New York Knicks_06,25.4,33.0,49.0,33,49,-2.85,-0.21,-3.06,105.7,108.8,-3.1,90.8,0.377,0.216,0.539,0.494,15.9,31.0,0.27,0.504,13.0,74.0,0.246
Philadelphia 76ers_06,26.2,35.0,47.0,32,50,-3.02,-0.23,-3.26,103.6,106.9,-3.3,90.7,0.333,0.128,0.53,0.48,14.6,27.2,0.255,0.501,14.7,70.8,0.221
Boston Celtics_06,23.5,24.0,58.0,31,51,-3.41,-0.29,-3.7,103.2,106.9,-3.7,92.0,0.337,0.199,0.53,0.479,15.4,27.0,0.259,0.502,14.5,73.8,0.28
Minnesota Timberwolves_06,27.7,32.0,50.0,30,52,-3.67,0.51,-3.16,103.9,107.9,-4.0,91.0,0.291,0.167,0.537,0.49,14.8,25.1,0.231,0.498,13.3,72.1,0.226
Charlotte Hornets_06,25.5,33.0,49.0,30,52,-3.74,-0.22,-3.97,103.6,107.6,-4.0,92.0,0.322,0.193,0.524,0.48,13.9,26.4,0.236,0.5,14.7,71.6,0.279
Milwaukee Bucks_06,26.0,28.0,54.0,29,53,-4.38,-0.06,-4.43,107.0,111.7,-4.7,92.3,0.286,0.219,0.541,0.504,14.1,27.6,0.209,0.522,14.5,68.1,0.234
Portland Trail Blazers_06,24.4,32.0,50.0,29,53,-4.29,0.51,-3.78,105.1,109.9,-4.8,88.3,0.314,0.193,0.53,0.483,14.5,28.2,0.241,0.508,13.5,73.0,0.267
Atlanta Hawks_06,24.1,30.0,52.0,27,55,-4.76,-0.1,-4.86,103.0,108.3,-5.3,90.0,0.346,0.163,0.523,0.471,15.1,29.2,0.263,0.503,14.5,70.9,0.268
Memphis Grizzlies_06,26.2,22.0,60.0,27,55,-5.15,0.71,-4.44,106.9,112.3,-5.4,93.6,0.374,0.211,0.555,0.504,15.2,25.9,0.285,0.529,14.0,71.1,0.237
San Antonio Spurs_05,29.8,63.0,19.0,61,21,6.82,-0.13,6.69,107.3,99.6,7.7,88.5,0.298,0.215,0.546,0.513,13.6,26.0,0.209,0.457,13.5,74.2,0.22
Detroit Pistons_05,28.5,64.0,18.0,60,22,6.67,-0.44,6.24,110.8,103.1,7.7,86.8,0.297,0.221,0.535,0.497,11.2,28.9,0.216,0.477,13.7,71.2,0.191
Dallas Mavericks_05,27.5,60.0,22.0,58,24,6.07,-0.11,5.96,111.8,105.0,6.8,87.8,0.364,0.175,0.55,0.495,13.1,31.8,0.285,0.475,13.7,72.2,0.257
Phoenix Suns_05,27.5,54.0,28.0,55,27,5.55,-0.07,5.48,111.5,105.8,5.7,95.8,0.206,0.293,0.568,0.537,12.2,22.1,0.166,0.49,13.2,72.1,0.2
Memphis Grizzlies_05,28.1,49.0,33.0,52,30,3.7,0.05,3.74,105.9,101.6,4.3,86.3,0.339,0.258,0.537,0.496,13.9,25.8,0.241,0.469,14.7,72.0,0.237
Miami Heat_05,29.2,52.0,30.0,52,30,3.87,-0.27,3.59,108.7,104.5,4.2,91.6,0.363,0.227,0.556,0.517,13.9,26.7,0.254,0.477,12.4,76.4,0.251
Los Angeles Lakers_05,25.1,45.0,37.0,48,34,2.5,0.03,2.53,108.4,105.7,2.7,90.9,0.329,0.24,0.539,0.495,13.1,28.8,0.245,0.486,13.4,73.6,0.242
Cleveland Cavaliers_05,27.1,50.0,32.0,48,34,2.23,-0.06,2.17,107.8,105.4,2.4,89.8,0.362,0.228,0.538,0.492,13.3,28.4,0.263,0.49,12.8,75.7,0.226
Indiana Pacers_05,27.3,41.0,41.0,47,35,1.89,-0.27,1.62,104.5,102.4,2.1,89.7,0.344,0.245,0.533,0.487,14.8,27.1,0.254,0.464,13.0,72.6,0.232
Washington Wizards_05,26.5,42.0,40.0,46,36,1.85,-0.29,1.57,109.3,107.3,2.0,92.3,0.375,0.209,0.538,0.484,12.8,29.5,0.284,0.504,15.1,70.9,0.256
Sacramento Kings_05,27.2,44.0,38.0,45,37,1.54,0.07,1.61,106.7,105.0,1.7,91.9,0.334,0.217,0.544,0.492,13.9,25.4,0.262,0.488,13.7,72.2,0.21
Los Angeles Clippers_05,26.8,47.0,35.0,46,36,1.57,0.18,1.75,105.3,103.6,1.7,91.7,0.332,0.131,0.54,0.487,13.8,25.4,0.263,0.471,12.2,75.9,0.24
New Jersey Nets_05,28.6,49.0,33.0,45,37,1.37,-0.26,1.11,103.9,102.4,1.5,89.8,0.346,0.229,0.528,0.478,13.3,24.0,0.262,0.476,14.0,76.3,0.266
Chicago Bulls_05,24.1,41.0,41.0,43,39,0.63,-0.12,0.51,104.0,103.4,0.6,92.9,0.292,0.219,0.527,0.487,13.9,26.3,0.216,0.464,13.9,74.7,0.295
Denver Nuggets_05,27.4,44.0,38.0,42,40,0.23,0.13,0.36,105.5,105.2,0.3,93.9,0.347,0.161,0.535,0.488,13.7,26.8,0.258,0.493,14.7,72.0,0.227
Milwaukee Bucks_05,25.5,40.0,42.0,38,44,-1.04,-0.04,-1.07,106.3,107.4,-1.1,91.2,0.322,0.203,0.535,0.492,13.8,27.3,0.238,0.504,13.8,74.6,0.262
Orlando Magic_05,25.5,36.0,46.0,38,44,-1.07,-0.18,-1.26,106.3,107.5,-1.2,88.3,0.369,0.129,0.543,0.496,14.7,28.5,0.27,0.49,13.0,72.5,0.264
Golden State Warriors_05,25.6,34.0,48.0,37,45,-1.35,0.25,-1.11,104.8,106.2,-1.4,93.3,0.323,0.27,0.521,0.479,13.0,26.9,0.232,0.492,14.1,71.6,0.243
Houston Rockets_05,28.8,34.0,48.0,36,46,-1.59,0.28,-1.3,101.6,103.3,-1.7,88.0,0.317,0.226,0.519,0.471,14.3,25.5,0.24,0.472,13.1,74.6,0.247
Boston Celtics_05,25.3,33.0,49.0,37,45,-1.54,-0.05,-1.59,105.2,106.9,-1.7,92.2,0.349,0.204,0.551,0.504,15.7,25.5,0.263,0.49,13.8,72.8,0.282
Minnesota Timberwolves_05,26.7,33.0,49.0,35,47,-1.88,0.13,-1.75,102.4,104.5,-2.1,88.8,0.299,0.149,0.524,0.48,14.2,25.2,0.226,0.475,13.4,71.3,0.236
Philadelphia 76ers_05,26.5,38.0,44.0,35,47,-1.95,-0.15,-2.1,106.0,108.1,-2.1,92.7,0.356,0.158,0.538,0.487,13.3,25.6,0.27,0.5,14.3,71.3,0.24
Utah Jazz_05,25.6,41.0,41.0,33,49,-2.63,0.14,-2.49,104.1,107.0,-2.9,87.8,0.397,0.149,0.519,0.467,15.0,32.4,0.286,0.49,14.0,73.2,0.303
New OrleansOklahoma City Hornets_05,26.3,38.0,44.0,33,49,-2.82,0.31,-2.51,103.7,106.8,-3.1,89.0,0.339,0.138,0.515,0.464,12.9,26.9,0.257,0.502,14.3,73.4,0.243
Toronto Raptors_05,25.9,27.0,55.0,33,49,-2.99,-0.04,-3.03,109.5,112.7,-3.2,91.1,0.315,0.244,0.548,0.5,12.4,25.4,0.249,0.53,13.5,73.3,0.263
Oklahoma City Thunder_05,25.6,35.0,47.0,33,49,-3.02,0.15,-2.88,111.1,114.4,-3.3,91.6,0.314,0.243,0.551,0.504,13.7,30.4,0.246,0.527,13.6,69.0,0.26
Charlotte Hornets_05,25.2,26.0,56.0,30,52,-4.0,0.1,-3.9,102.5,106.7,-4.2,93.4,0.319,0.184,0.509,0.464,13.0,27.1,0.233,0.514,16.5,70.7,0.263
Atlanta Hawks_05,22.7,26.0,56.0,28,54,-4.76,0.07,-4.69,106.4,111.6,-5.2,90.4,0.34,0.178,0.534,0.486,14.7,31.4,0.255,0.513,14.1,69.5,0.275
New York Knicks_05,25.6,23.0,59.0,24,58,-6.4,0.11,-6.3,104.0,111.0,-7.0,90.8,0.417,0.142,0.534,0.481,16.5,31.2,0.303,0.511,13.4,72.8,0.294
Portland Trail Blazers_05,24.6,21.0,61.0,16,66,-9.45,0.54,-8.91,101.1,111.9,-10.8,87.6,0.31,0.166,0.511,0.474,14.5,26.6,0.214,0.507,12.6,68.2,0.231
San Antonio Spurs_04,28.5,59.0,23.0,63,19,7.8,0.03,7.84,107.5,98.8,8.7,88.9,0.329,0.216,0.534,0.492,13.2,29.1,0.238,0.452,14.7,73.6,0.236
Phoenix Suns_04,25.2,62.0,20.0,59,23,7.12,-0.04,7.08,114.5,107.1,7.4,95.9,0.296,0.289,0.571,0.534,12.4,27.5,0.222,0.478,12.0,68.3,0.176
Miami Heat_04,28.0,59.0,23.0,59,23,6.52,-0.76,5.77,110.2,103.1,7.1,90.8,0.387,0.198,0.559,0.524,13.1,27.0,0.26,0.46,12.4,74.1,0.242
Dallas Mavericks_04,27.7,58.0,24.0,57,25,5.74,0.11,5.86,110.3,104.1,6.2,92.7,0.346,0.19,0.545,0.492,12.5,28.6,0.273,0.472,14.3,70.2,0.239
Houston Rockets_04,29.7,51.0,31.0,53,29,4.04,0.23,4.27,106.2,101.7,4.5,88.8,0.309,0.237,0.534,0.486,13.5,26.3,0.242,0.459,12.9,74.5,0.245
Detroit Pistons_04,27.9,54.0,28.0,53,29,3.87,-0.55,3.31,105.6,101.2,4.4,87.2,0.335,0.164,0.519,0.472,13.3,31.2,0.247,0.461,13.5,73.0,0.207
Seattle SuperSonics_04,26.0,52.0,30.0,48,34,2.29,0.3,2.59,112.2,109.6,2.6,87.9,0.328,0.281,0.546,0.495,13.0,32.4,0.259,0.496,12.9,71.3,0.249
Memphis Grizzlies_04,26.3,45.0,37.0,48,34,2.29,0.34,2.64,105.5,102.9,2.6,88.5,0.323,0.237,0.535,0.489,14.3,27.1,0.243,0.466,15.4,69.9,0.27
Sacramento Kings_04,27.7,50.0,32.0,47,35,2.16,0.4,2.56,110.5,108.2,2.3,93.0,0.287,0.2,0.541,0.496,12.0,28.8,0.226,0.493,13.3,69.0,0.214
Denver Nuggets_04,26.7,49.0,33.0,47,35,2.02,0.2,2.23,106.0,103.9,2.1,93.5,0.35,0.142,0.535,0.483,13.8,28.4,0.267,0.482,15.1,71.7,0.247
Minnesota Timberwolves_04,29.0,44.0,38.0,45,37,1.45,0.28,1.73,108.2,106.6,1.6,89.1,0.275,0.173,0.534,0.489,12.7,28.6,0.219,0.472,11.2,71.4,0.208
Chicago Bulls_04,25.0,47.0,35.0,44,38,1.06,-0.41,0.65,101.4,100.3,1.1,92.4,0.311,0.217,0.517,0.471,15.5,28.4,0.233,0.454,14.4,72.6,0.262
Boston Celtics_04,27.1,45.0,37.0,43,39,0.87,-0.52,0.35,107.5,106.6,0.9,93.3,0.357,0.192,0.551,0.501,14.7,27.2,0.273,0.481,14.2,70.1,0.274
Cleveland Cavaliers_04,26.5,42.0,40.0,43,39,0.79,-0.52,0.27,106.6,105.7,0.9,89.7,0.325,0.135,0.518,0.47,13.0,32.5,0.244,0.485,14.1,71.5,0.248
Indiana Pacers_04,28.3,44.0,38.0,43,39,0.76,-0.27,0.49,105.5,104.6,0.9,87.2,0.358,0.255,0.534,0.476,14.1,26.4,0.283,0.472,13.6,71.3,0.261
Washington Wizards_04,25.3,45.0,37.0,40,42,-0.33,-0.38,-0.71,107.2,107.5,-0.3,93.3,0.364,0.22,0.523,0.474,12.9,31.1,0.264,0.498,14.6,70.0,0.23
Philadelphia 76ers_04,26.4,43.0,39.0,39,43,-0.74,-0.33,-1.07,103.5,104.3,-0.8,94.9,0.326,0.216,0.528,0.475,14.2,25.4,0.257,0.485,15.4,72.7,0.267
Los Angeles Clippers_04,25.5,37.0,45.0,39,43,-0.77,0.3,-0.47,105.5,106.4,-0.9,89.1,0.357,0.105,0.533,0.477,14.9,30.3,0.278,0.48,13.0,71.3,0.235
New Jersey Nets_04,27.8,42.0,40.0,36,46,-1.5,-0.32,-1.82,101.4,103.1,-1.7,89.1,0.318,0.187,0.512,0.463,13.7,25.5,0.242,0.479,15.2,73.2,0.278
Toronto Raptors_04,27.0,33.0,49.0,36,46,-1.62,-0.19,-1.81,106.9,108.7,-1.8,92.7,0.316,0.253,0.539,0.492,12.5,23.7,0.244,0.499,13.4,71.1,0.24
Golden State Warriors_04,26.7,34.0,48.0,35,47,-2.16,0.42,-1.74,104.7,106.9,-2.2,93.3,0.278,0.252,0.512,0.475,12.3,27.8,0.201,0.491,13.9,69.7,0.227
Orlando Magic_04,26.5,36.0,46.0,35,47,-2.24,-0.27,-2.52,104.9,107.3,-2.4,94.7,0.35,0.137,0.529,0.478,14.6,29.9,0.265,0.484,13.2,71.3,0.255
New York Knicks_04,27.3,33.0,49.0,34,48,-2.44,-0.28,-2.72,106.2,108.9,-2.7,90.7,0.312,0.188,0.531,0.485,13.8,28.3,0.239,0.501,13.8,71.2,0.265
Milwaukee Bucks_04,26.9,30.0,52.0,32,50,-2.99,-0.1,-3.09,106.6,109.8,-3.2,90.8,0.339,0.141,0.527,0.475,13.0,29.0,0.261,0.499,12.4,72.0,0.233
Los Angeles Lakers_04,26.0,34.0,48.0,33,49,-2.96,0.64,-2.32,108.1,111.4,-3.3,90.8,0.322,0.273,0.535,0.485,13.4,29.5,0.251,0.493,11.0,71.1,0.218
Portland Trail Blazers_04,27.0,27.0,55.0,29,53,-4.0,0.55,-3.45,103.2,107.7,-4.5,89.8,0.303,0.181,0.524,0.484,15.2,29.6,0.219,0.479,12.6,67.7,0.204
Utah Jazz_04,25.7,26.0,56.0,29,53,-4.27,0.53,-3.74,104.7,109.5,-4.8,88.4,0.361,0.121,0.522,0.469,15.0,31.9,0.273,0.499,14.2,72.3,0.34
Charlotte Hornets_04,24.9,18.0,64.0,24,58,-5.99,-0.16,-6.15,101.1,107.5,-6.4,92.3,0.306,0.128,0.497,0.455,13.3,29.5,0.217,0.497,14.7,70.9,0.269
New Orleans Hornets_04,27.5,18.0,64.0,21,61,-7.07,0.78,-6.3,99.7,107.7,-8.0,87.6,0.279,0.201,0.493,0.446,14.2,29.1,0.214,0.491,13.9,70.7,0.261
Atlanta Hawks_04,26.0,13.0,69.0,16,66,-9.71,0.09,-9.62,100.6,111.1,-10.5,91.4,0.299,0.146,0.504,0.464,14.9,30.7,0.212,0.513,14.0,72.1,0.289
San Antonio Spurs_03,27.3,57.0,25.0,62,20,7.22,0.29,7.51,102.2,94.1,8.1,89.2,0.322,0.177,0.511,0.473,14.1,29.5,0.219,0.433,14.8,74.6,0.215
Detroit Pistons_03,27.4,54.0,28.0,59,23,5.84,-0.81,5.04,102.0,95.4,6.6,87.9,0.328,0.153,0.511,0.461,14.7,30.1,0.247,0.441,15.5,71.8,0.202
Indiana Pacers_03,27.1,61.0,21.0,58,24,5.76,-0.82,4.93,103.8,97.2,6.6,87.5,0.319,0.203,0.52,0.471,14.1,28.5,0.243,0.459,15.7,73.9,0.218
Minnesota Timberwolves_03,29.7,58.0,24.0,57,25,5.49,0.37,5.86,105.9,99.7,6.2,89.0,0.265,0.137,0.528,0.486,12.4,26.7,0.207,0.444,12.9,72.5,0.215
Sacramento Kings_03,29.3,55.0,27.0,55,27,5.01,0.4,5.41,110.3,104.9,5.4,92.8,0.305,0.223,0.554,0.507,13.0,26.0,0.242,0.483,13.7,69.8,0.193
Dallas Mavericks_03,27.4,52.0,30.0,53,29,4.44,0.42,4.86,112.1,107.4,4.7,93.2,0.256,0.201,0.536,0.495,11.1,31.4,0.204,0.498,13.9,71.6,0.214
Los Angeles Lakers_03,29.8,56.0,26.0,52,30,3.9,0.45,4.35,105.5,101.3,4.2,92.3,0.352,0.167,0.522,0.481,12.8,28.1,0.244,0.471,14.3,73.3,0.222
New Jersey Nets_03,27.7,47.0,35.0,49,33,2.5,-0.63,1.88,100.8,98.0,2.8,89.4,0.291,0.176,0.515,0.471,14.4,25.9,0.219,0.46,15.7,73.9,0.221
Memphis Grizzlies_03,26.0,50.0,32.0,48,34,2.44,0.52,2.95,104.8,102.2,2.6,91.4,0.322,0.197,0.522,0.479,13.9,29.5,0.234,0.465,15.7,68.4,0.251
Houston Rockets_03,28.3,45.0,37.0,47,35,1.73,0.55,2.28,100.9,99.0,1.9,87.8,0.286,0.227,0.528,0.484,16.4,26.5,0.221,0.447,13.1,74.5,0.233
Denver Nuggets_03,25.6,43.0,39.0,44,38,1.07,0.58,1.65,103.9,102.7,1.2,93.3,0.319,0.146,0.517,0.467,14.2,30.5,0.245,0.481,15.6,69.3,0.221
Milwaukee Bucks_03,26.5,41.0,41.0,44,38,1.06,-0.64,0.42,106.5,105.4,1.1,91.6,0.33,0.172,0.528,0.477,12.7,27.6,0.255,0.485,13.3,71.8,0.213
Miami Heat_03,26.4,42.0,40.0,43,39,0.52,-0.65,-0.13,102.2,101.7,0.5,88.0,0.298,0.211,0.51,0.463,13.5,27.4,0.227,0.463,14.5,73.4,0.26
New Orleans Hornets_03,30.3,41.0,41.0,41,41,-0.1,-0.62,-0.72,102.3,102.4,-0.1,89.1,0.293,0.252,0.505,0.46,14.1,30.6,0.22,0.476,15.0,71.3,0.218
Oklahoma City Thunder_03,26.0,37.0,45.0,39,43,-0.63,0.66,0.02,107.3,108.0,-0.7,89.9,0.27,0.294,0.54,0.501,13.9,27.2,0.207,0.487,13.9,68.5,0.237
Golden State Warriors_03,28.1,37.0,45.0,39,43,-0.73,0.66,-0.07,103.0,103.8,-0.8,89.8,0.311,0.197,0.517,0.475,14.1,28.4,0.226,0.476,13.3,72.1,0.211
Portland Trail Blazers_03,27.6,41.0,41.0,37,45,-1.27,0.69,-0.58,103.7,105.1,-1.4,86.2,0.267,0.17,0.515,0.478,14.4,31.2,0.195,0.482,13.3,70.0,0.186
Utah Jazz_03,24.9,42.0,40.0,37,45,-1.22,0.69,-0.53,101.9,103.3,-1.4,86.6,0.356,0.127,0.509,0.456,16.1,34.1,0.266,0.468,15.4,72.4,0.319
Boston Celtics_03,26.4,36.0,46.0,37,45,-1.45,-0.54,-1.99,102.1,103.7,-1.6,93.2,0.327,0.249,0.532,0.486,15.4,25.2,0.245,0.479,15.7,69.5,0.24
New York Knicks_03,29.6,39.0,43.0,36,46,-1.48,-0.49,-1.97,101.7,103.3,-1.6,89.5,0.266,0.171,0.518,0.474,15.1,28.0,0.211,0.461,13.2,72.8,0.259
Philadelphia 76ers_03,27.5,33.0,49.0,33,49,-2.49,-0.46,-2.95,99.1,101.9,-2.8,88.0,0.321,0.158,0.505,0.456,15.5,28.2,0.242,0.467,14.7,70.7,0.231
Cleveland Cavaliers_03,24.9,35.0,47.0,33,49,-2.62,-0.44,-3.07,101.4,104.2,-2.8,90.8,0.301,0.116,0.498,0.451,13.7,31.1,0.226,0.469,12.3,73.0,0.221
Toronto Raptors_03,27.6,33.0,49.0,31,51,-3.01,-0.4,-3.42,97.0,100.4,-3.4,86.8,0.26,0.204,0.495,0.454,14.1,23.8,0.195,0.449,14.1,70.1,0.241
Phoenix Suns_03,24.4,29.0,53.0,30,52,-3.74,0.8,-2.94,101.4,105.5,-4.1,92.6,0.28,0.18,0.515,0.475,14.3,26.6,0.209,0.482,14.7,69.9,0.24
Los Angeles Clippers_03,24.3,28.0,54.0,28,54,-4.59,0.84,-3.74,103.5,108.5,-5.0,91.0,0.35,0.156,0.512,0.453,15.0,32.8,0.275,0.494,12.9,70.0,0.231
Atlanta Hawks_03,26.2,28.0,54.0,28,54,-4.65,-0.36,-5.0,101.0,106.1,-5.1,90.8,0.303,0.191,0.514,0.465,15.4,28.6,0.235,0.476,13.1,70.5,0.234
Washington Wizards_03,24.4,25.0,57.0,25,57,-5.63,-0.48,-6.12,98.8,104.8,-6.0,92.2,0.337,0.194,0.5,0.454,16.0,30.7,0.241,0.486,14.9,69.5,0.214
Chicago Bulls_03,26.8,23.0,59.0,23,59,-6.35,-0.33,-6.69,96.6,103.4,-6.8,92.2,0.272,0.186,0.486,0.446,14.9,28.1,0.197,0.469,14.1,71.4,0.253
Orlando Magic_03,25.8,21.0,61.0,22,60,-7.02,-0.23,-7.25,102.7,110.4,-7.7,90.8,0.296,0.184,0.504,0.461,12.8,28.1,0.218,0.502,12.7,68.7,0.214
Dallas Mavericks_02,28.1,60.0,22.0,62,20,7.78,0.12,7.9,110.7,102.3,8.4,92.5,0.257,0.239,0.543,0.498,10.9,25.4,0.213,0.473,14.8,70.9,0.221
Sacramento Kings_02,28.3,59.0,23.0,59,23,6.5,0.18,6.68,105.9,99.1,6.8,95.4,0.262,0.184,0.535,0.499,13.3,25.6,0.196,0.446,13.6,70.6,0.204
San Antonio Spurs_02,28.4,60.0,22.0,57,25,5.41,0.23,5.65,105.6,99.7,5.9,90.0,0.348,0.202,0.541,0.497,15.1,28.8,0.253,0.453,14.2,71.3,0.199
New Jersey Nets_02,27.3,49.0,33.0,56,26,5.22,-0.8,4.42,103.8,98.1,5.7,91.6,0.333,0.158,0.518,0.468,13.8,28.7,0.252,0.46,15.7,73.1,0.225
Detroit Pistons_02,29.0,50.0,32.0,52,30,3.68,-0.71,2.97,104.1,99.9,4.2,86.8,0.322,0.237,0.523,0.473,13.3,25.9,0.248,0.461,13.9,74.0,0.225
Indiana Pacers_02,25.9,48.0,34.0,51,31,3.49,-0.7,2.79,104.6,100.8,3.8,91.6,0.344,0.169,0.522,0.469,13.7,29.0,0.263,0.458,14.3,72.3,0.228
Portland Trail Blazers_02,29.2,50.0,32.0,49,33,2.61,0.36,2.97,105.5,102.6,2.9,89.4,0.3,0.177,0.531,0.489,14.5,30.2,0.223,0.483,14.9,72.3,0.194
Utah Jazz_02,30.9,47.0,35.0,48,34,2.39,0.37,2.76,105.5,102.8,2.7,89.3,0.38,0.104,0.537,0.486,16.0,32.5,0.283,0.468,15.2,70.2,0.256
Los Angeles Lakers_02,28.1,50.0,32.0,48,34,2.33,0.38,2.71,107.2,104.7,2.5,92.5,0.311,0.199,0.528,0.486,13.3,30.2,0.228,0.477,13.4,72.7,0.241
Philadelphia 76ers_02,28.3,48.0,34.0,48,34,2.3,-0.55,1.76,105.0,102.5,2.5,91.4,0.339,0.119,0.52,0.466,13.7,30.3,0.263,0.488,16.2,72.7,0.243
Minnesota Timberwolves_02,28.2,51.0,31.0,47,35,2.07,0.39,2.46,106.1,103.8,2.3,91.9,0.268,0.118,0.528,0.488,12.9,28.2,0.206,0.472,12.7,72.9,0.203
New Orleans Hornets_02,29.1,47.0,35.0,47,35,2.11,-0.59,1.52,103.9,101.6,2.3,89.4,0.285,0.161,0.511,0.465,13.9,31.7,0.219,0.464,14.0,73.1,0.226
Houston Rockets_02,25.9,43.0,39.0,46,36,1.48,0.42,1.89,104.3,102.6,1.7,88.8,0.316,0.196,0.522,0.474,14.8,30.3,0.243,0.462,12.6,72.4,0.209
Phoenix Suns_02,25.2,44.0,38.0,44,38,1.13,0.43,1.57,103.7,102.5,1.2,91.5,0.285,0.17,0.514,0.473,13.7,29.7,0.211,0.47,14.8,70.3,0.222
Orlando Magic_02,26.9,42.0,40.0,41,41,0.13,-0.53,-0.39,105.2,105.0,0.2,93.1,0.307,0.235,0.526,0.478,13.3,27.0,0.239,0.486,15.1,71.1,0.25
Milwaukee Bucks_02,29.3,42.0,40.0,42,40,0.23,-0.48,-0.24,108.8,108.6,0.2,90.4,0.287,0.229,0.543,0.5,12.2,25.6,0.222,0.494,13.5,69.9,0.237
Oklahoma City Thunder_02,26.9,40.0,42.0,41,41,-0.12,0.49,0.37,103.7,103.9,-0.2,88.0,0.27,0.196,0.512,0.472,12.8,28.1,0.201,0.484,14.3,71.8,0.21
Boston Celtics_02,26.9,44.0,38.0,40,42,-0.39,-0.36,-0.75,101.2,101.6,-0.4,90.9,0.306,0.331,0.514,0.47,13.4,23.6,0.227,0.471,15.1,72.5,0.242
Washington Wizards_02,28.4,37.0,45.0,38,44,-1.01,-0.46,-1.47,103.0,104.1,-1.1,88.2,0.325,0.127,0.513,0.46,13.0,27.3,0.253,0.477,13.8,71.6,0.212
Golden State Warriors_02,24.4,38.0,44.0,38,44,-1.13,0.54,-0.6,108.3,109.5,-1.2,94.2,0.343,0.178,0.526,0.472,13.9,35.0,0.267,0.482,12.2,67.9,0.22
New York Knicks_02,30.2,37.0,45.0,37,45,-1.35,-0.26,-1.61,104.7,106.2,-1.5,90.7,0.241,0.235,0.528,0.486,13.4,24.4,0.196,0.485,13.7,71.8,0.261
Memphis Grizzlies_02,24.9,28.0,54.0,32,50,-3.23,0.63,-2.6,103.9,107.3,-3.4,92.7,0.287,0.19,0.526,0.487,14.2,27.0,0.212,0.491,13.4,68.7,0.197
Atlanta Hawks_02,27.2,35.0,47.0,31,51,-3.56,-0.31,-3.87,102.3,106.1,-3.8,91.0,0.313,0.177,0.527,0.476,15.7,27.9,0.248,0.469,12.1,70.4,0.222
Los Angeles Clippers_02,25.3,27.0,55.0,29,53,-4.12,0.68,-3.45,102.3,106.8,-4.5,91.3,0.335,0.182,0.516,0.467,14.8,29.1,0.252,0.481,13.1,70.2,0.222
Chicago Bulls_02,25.2,30.0,52.0,27,55,-5.13,-0.17,-5.31,100.2,105.6,-5.4,93.5,0.3,0.148,0.512,0.471,15.4,27.7,0.217,0.47,13.3,69.5,0.263
Miami Heat_02,26.5,25.0,57.0,25,57,-5.05,-0.08,-5.13,96.7,102.4,-5.7,87.8,0.259,0.169,0.483,0.439,13.8,26.8,0.198,0.47,14.1,73.9,0.257
Toronto Raptors_02,27.6,24.0,58.0,24,58,-5.87,-0.23,-6.1,100.5,107.0,-6.5,89.9,0.282,0.179,0.497,0.458,13.6,28.2,0.203,0.489,13.1,70.7,0.226
Denver Nuggets_02,24.1,17.0,65.0,17,65,-8.28,0.87,-7.41,92.2,101.3,-9.1,91.0,0.283,0.126,0.469,0.428,17.1,31.3,0.198,0.477,16.5,73.3,0.29
Cleveland Cavaliers_02,23.5,17.0,65.0,16,66,-9.62,0.04,-9.59,96.5,106.7,-10.2,94.0,0.298,0.133,0.491,0.444,16.4,31.0,0.223,0.484,13.0,73.2,0.252
Sacramento Kings_01,27.0,61.0,21.0,61,21,7.61,0.0,7.61,109.0,101.1,7.9,95.6,0.308,0.166,0.539,0.497,12.4,27.9,0.231,0.467,13.6,71.7,0.185
Los Angeles Lakers_01,27.9,58.0,24.0,60,22,7.12,0.03,7.15,109.4,101.7,7.7,92.1,0.313,0.21,0.534,0.498,11.8,28.8,0.218,0.453,13.0,72.0,0.233
San Antonio Spurs_01,28.5,58.0,24.0,59,23,6.21,0.07,6.28,106.5,99.7,6.8,90.0,0.353,0.19,0.539,0.492,13.8,27.2,0.262,0.453,13.7,71.9,0.189
New Jersey Nets_01,26.1,52.0,30.0,53,29,4.16,-0.49,3.67,104.0,99.5,4.5,91.8,0.28,0.175,0.515,0.476,13.4,29.2,0.206,0.459,14.9,71.6,0.213
Dallas Mavericks_01,27.6,57.0,25.0,53,29,4.26,0.16,4.41,112.2,107.7,4.5,92.8,0.288,0.237,0.553,0.507,11.3,26.1,0.232,0.485,12.9,70.7,0.239
Minnesota Timberwolves_01,26.7,50.0,32.0,51,31,3.38,0.2,3.58,109.0,105.3,3.7,90.5,0.255,0.152,0.532,0.49,12.5,31.3,0.203,0.482,12.7,73.7,0.218
Portland Trail Blazers_01,29.0,49.0,33.0,50,32,2.99,0.22,3.21,107.4,104.0,3.4,89.3,0.285,0.198,0.528,0.485,13.5,31.8,0.218,0.489,14.2,73.3,0.202
Seattle SuperSonics_01,26.9,45.0,37.0,50,32,3.02,0.22,3.24,108.9,105.6,3.3,89.0,0.25,0.193,0.54,0.505,13.2,29.4,0.189,0.485,14.5,68.1,0.206
Boston Celtics_01,26.2,49.0,33.0,48,34,2.21,-0.46,1.75,103.4,101.0,2.4,92.5,0.291,0.289,0.52,0.476,12.8,24.1,0.223,0.464,15.1,72.9,0.245
Detroit Pistons_01,29.5,50.0,32.0,48,34,2.13,-0.45,1.69,104.8,102.4,2.4,90.0,0.31,0.24,0.54,0.497,14.3,24.4,0.235,0.474,14.8,70.5,0.206
Philadelphia 76ers_01,29.0,43.0,39.0,46,36,1.6,-0.33,1.27,102.1,100.3,1.8,88.9,0.327,0.111,0.507,0.452,14.6,31.7,0.255,0.46,14.2,72.1,0.208
Orlando Magic_01,28.0,44.0,38.0,46,36,1.57,-0.32,1.25,107.0,105.3,1.7,93.2,0.278,0.241,0.533,0.493,12.6,26.3,0.21,0.486,14.4,69.2,0.215
Utah Jazz_01,29.9,44.0,38.0,44,38,0.89,0.32,1.21,105.6,104.6,1.0,90.3,0.381,0.132,0.529,0.472,15.4,33.5,0.291,0.484,15.9,71.7,0.286
Charlotte Hornets_01,28.3,44.0,38.0,44,38,0.96,-0.4,0.57,104.3,103.3,1.0,89.7,0.32,0.151,0.513,0.466,13.3,30.6,0.238,0.465,13.3,72.2,0.226
Indiana Pacers_01,26.1,42.0,40.0,42,40,0.27,-0.34,-0.07,104.1,103.8,0.3,91.9,0.328,0.182,0.527,0.477,14.2,27.0,0.253,0.469,13.2,71.0,0.227
Milwaukee Bucks_01,28.9,41.0,41.0,40,42,-0.22,-0.4,-0.62,106.9,107.1,-0.2,90.2,0.269,0.241,0.544,0.507,13.6,25.6,0.201,0.477,12.0,70.9,0.217
Los Angeles Clippers_01,24.4,39.0,43.0,40,42,-0.46,0.38,-0.09,105.5,106.0,-0.5,90.1,0.304,0.172,0.519,0.476,13.8,31.3,0.225,0.477,12.1,69.9,0.194
Toronto Raptors_01,29.3,42.0,40.0,40,42,-0.44,-0.27,-0.71,102.6,103.1,-0.5,88.8,0.255,0.165,0.501,0.463,13.6,31.4,0.189,0.471,14.7,70.1,0.237
Phoenix Suns_01,26.5,36.0,46.0,39,43,-0.68,0.39,-0.3,103.3,104.0,-0.7,91.4,0.235,0.158,0.51,0.472,13.6,30.1,0.18,0.476,14.4,70.2,0.227
Washington Wizards_01,27.5,37.0,45.0,37,45,-1.4,-0.17,-1.58,104.8,106.4,-1.6,88.3,0.28,0.118,0.508,0.464,12.5,30.7,0.214,0.484,13.0,71.4,0.214
Miami Heat_01,30.1,36.0,46.0,36,46,-1.54,-0.31,-1.84,98.5,100.2,-1.7,87.4,0.268,0.141,0.501,0.463,14.6,26.6,0.194,0.455,13.6,74.0,0.249
Cleveland Cavaliers_01,26.0,29.0,53.0,31,51,-3.33,-0.19,-3.52,104.6,108.2,-3.6,90.3,0.301,0.156,0.524,0.477,13.8,28.9,0.232,0.493,12.3,72.8,0.226
New York Knicks_01,30.3,30.0,52.0,29,53,-3.99,-0.16,-4.15,101.5,105.9,-4.4,89.7,0.274,0.206,0.514,0.468,14.0,25.6,0.216,0.479,12.9,71.9,0.236
Atlanta Hawks_01,25.7,33.0,49.0,29,53,-4.23,-0.18,-4.41,101.8,106.4,-4.6,91.9,0.294,0.181,0.517,0.471,14.6,27.5,0.225,0.495,14.1,70.9,0.218
Houston Rockets_01,25.9,28.0,54.0,27,55,-4.89,0.58,-4.31,103.1,108.6,-5.5,88.2,0.286,0.223,0.507,0.465,13.4,29.0,0.211,0.491,11.5,69.8,0.178
Golden State Warriors_01,24.8,21.0,61.0,26,56,-5.4,0.61,-4.8,102.8,108.5,-5.7,94.5,0.335,0.142,0.499,0.452,14.7,35.3,0.242,0.488,12.9,69.4,0.232
Denver Nuggets_01,28.2,27.0,55.0,24,58,-5.82,0.63,-5.19,101.4,107.8,-6.4,90.4,0.256,0.187,0.495,0.455,13.6,30.6,0.19,0.492,13.6,69.9,0.245
Memphis Grizzlies_01,25.5,23.0,59.0,20,62,-7.44,0.7,-6.74,98.2,106.3,-8.1,91.1,0.288,0.168,0.501,0.462,15.4,27.8,0.204,0.486,13.7,68.0,0.197
Chicago Bulls_01,25.5,21.0,61.0,18,64,-8.54,0.02,-8.52,98.2,107.6,-9.4,90.5,0.302,0.134,0.499,0.456,14.6,26.6,0.218,0.497,13.7,71.4,0.239
San Antonio Spurs_00,29.5,58.0,24.0,63,19,7.76,0.16,7.92,106.6,98.0,8.6,89.6,0.374,0.175,0.541,0.496,13.6,27.1,0.267,0.444,12.9,73.7,0.182
Sacramento Kings_00,27.1,55.0,27.0,57,25,5.82,0.25,6.07,105.6,99.6,6.0,94.4,0.298,0.194,0.529,0.484,13.4,27.2,0.23,0.46,14.5,70.7,0.181
Utah Jazz_00,32.0,53.0,29.0,55,27,4.7,0.31,5.0,107.6,102.4,5.2,89.8,0.363,0.135,0.546,0.497,15.1,30.2,0.273,0.473,15.6,73.2,0.301
Philadelphia 76ers_00,28.2,56.0,26.0,54,28,4.28,-0.65,3.64,103.6,98.9,4.7,90.6,0.351,0.124,0.518,0.468,14.7,31.2,0.262,0.46,14.5,72.5,0.186
Portland Trail Blazers_00,30.1,50.0,32.0,53,29,4.2,0.33,4.52,106.5,101.8,4.7,89.1,0.296,0.165,0.539,0.497,14.8,30.0,0.225,0.47,14.3,72.4,0.223
Dallas Mavericks_00,26.6,53.0,29.0,53,29,4.28,0.32,4.61,107.1,102.6,4.5,93.2,0.291,0.202,0.544,0.498,13.1,24.1,0.231,0.467,14.2,70.7,0.244
Milwaukee Bucks_00,28.2,52.0,30.0,52,30,3.88,-0.74,3.14,108.8,104.6,4.2,92.1,0.276,0.218,0.542,0.499,12.8,28.1,0.217,0.473,14.4,71.1,0.253
Los Angeles Lakers_00,29.2,56.0,26.0,51,31,3.38,0.37,3.74,108.4,104.8,3.6,91.7,0.349,0.191,0.535,0.498,13.3,31.1,0.238,0.468,12.2,72.5,0.234
New York Knicks_00,29.8,48.0,34.0,50,32,2.63,-0.65,1.98,101.2,98.2,3.0,86.7,0.279,0.18,0.523,0.476,14.6,24.2,0.222,0.453,14.7,74.3,0.24
Miami Heat_00,30.9,50.0,32.0,48,34,2.29,-0.57,1.73,101.1,98.5,2.6,87.1,0.299,0.221,0.515,0.469,13.7,24.3,0.227,0.46,15.3,72.7,0.214
Toronto Raptors_00,29.9,47.0,35.0,48,34,2.26,-0.57,1.69,105.9,103.4,2.5,90.9,0.285,0.167,0.51,0.468,12.1,30.8,0.213,0.476,13.3,73.2,0.212
Houston Rockets_00,26.7,45.0,37.0,48,34,2.29,0.42,2.71,106.7,104.2,2.5,90.4,0.321,0.217,0.538,0.492,14.0,27.5,0.244,0.475,12.6,71.9,0.206
Charlotte Hornets_00,28.2,46.0,36.0,48,34,2.1,-0.65,1.45,101.8,99.5,2.3,89.4,0.33,0.151,0.506,0.457,13.7,29.8,0.246,0.456,14.1,74.5,0.222
Phoenix Suns_00,28.6,51.0,31.0,48,34,2.21,0.42,2.63,100.3,98.0,2.3,93.1,0.292,0.156,0.506,0.46,14.1,27.3,0.221,0.46,16.3,73.7,0.252
Minnesota Timberwolves_00,27.4,47.0,35.0,45,37,1.35,0.46,1.81,105.2,103.7,1.5,91.8,0.253,0.131,0.523,0.482,13.0,28.6,0.199,0.478,14.2,71.9,0.238
Orlando Magic_00,26.0,43.0,39.0,44,38,0.99,-0.6,0.39,103.2,102.1,1.1,93.2,0.301,0.196,0.513,0.474,13.8,29.1,0.215,0.464,15.6,69.8,0.29
Oklahoma City Thunder_00,27.9,44.0,38.0,41,41,0.02,0.52,0.55,105.6,105.6,0.0,91.6,0.299,0.176,0.53,0.491,14.3,29.1,0.219,0.488,13.9,69.8,0.199
Indiana Pacers_00,27.7,41.0,41.0,40,42,-0.2,-0.57,-0.77,102.0,102.2,-0.2,89.4,0.312,0.18,0.519,0.471,14.5,27.0,0.239,0.452,12.8,71.4,0.235
Detroit Pistons_00,27.1,32.0,50.0,36,46,-1.7,-0.39,-2.08,100.0,101.8,-1.8,94.7,0.325,0.162,0.498,0.453,14.2,29.3,0.234,0.466,14.0,72.2,0.233
Boston Celtics_00,25.9,36.0,46.0,35,47,-2.13,-0.26,-2.4,101.4,103.7,-2.3,92.6,0.338,0.252,0.521,0.473,14.7,25.3,0.25,0.493,16.0,72.7,0.256
Denver Nuggets_00,27.9,40.0,42.0,34,48,-2.46,0.64,-1.83,103.7,106.3,-2.6,92.6,0.286,0.21,0.511,0.47,12.8,28.3,0.211,0.476,12.1,71.8,0.223
Los Angeles Clippers_00,24.3,31.0,51.0,32,50,-2.89,0.66,-2.23,101.3,104.5,-3.2,89.6,0.319,0.164,0.514,0.476,14.9,28.3,0.221,0.466,12.0,71.1,0.217
Cleveland Cavaliers_00,26.9,30.0,52.0,28,54,-4.24,-0.23,-4.48,100.3,104.9,-4.6,91.2,0.312,0.101,0.509,0.459,15.4,29.7,0.239,0.477,14.1,71.1,0.248
Brooklyn Nets_00,27.5,26.0,56.0,26,56,-5.05,-0.25,-5.3,100.0,105.5,-5.5,91.8,0.328,0.165,0.504,0.452,13.9,25.7,0.249,0.488,14.9,70.0,0.258
Atlanta Hawks_00,26.1,25.0,57.0,26,56,-5.21,-0.34,-5.55,98.7,104.3,-5.6,91.9,0.272,0.14,0.5,0.456,15.5,28.9,0.206,0.472,13.8,70.8,0.249
Vancouver Grizzlies_00,26.2,23.0,59.0,25,57,-5.73,0.79,-4.94,99.6,105.8,-6.2,91.7,0.289,0.145,0.51,0.464,14.9,26.1,0.223,0.491,13.8,69.8,0.194
Washington Wizards_00,27.0,19.0,63.0,23,59,-6.67,-0.08,-6.75,100.6,107.8,-7.2,92.7,0.348,0.131,0.514,0.46,15.7,29.7,0.264,0.503,14.1,71.8,0.236
Golden State Warriors_00,26.6,17.0,65.0,17,65,-9.05,0.94,-8.11,97.8,107.4,-9.6,94.1,0.282,0.134,0.47,0.429,13.9,33.3,0.199,0.504,15.0,69.7,0.227
Chicago Bulls_00,23.2,15.0,67.0,16,66,-9.1,0.01,-9.09,97.2,107.3,-10.1,89.3,0.298,0.148,0.495,0.45,15.1,26.6,0.22,0.499,14.3,70.3,0.254
Los Angeles Lakers_99,29.2,67.0,15.0,64,18,8.55,-0.14,8.41,107.3,98.2,9.1,93.3,0.346,0.153,0.525,0.484,12.7,30.6,0.241,0.443,13.4,73.1,0.222
Portland Trail Blazers_99,29.6,59.0,23.0,59,23,6.4,-0.04,6.36,107.9,100.8,7.1,89.9,0.316,0.175,0.546,0.501,14.5,30.3,0.24,0.461,13.8,72.4,0.217
San Antonio Spurs_99,30.9,53.0,29.0,58,24,5.94,-0.02,5.92,105.0,98.6,6.4,90.8,0.346,0.138,0.535,0.488,14.3,27.8,0.258,0.451,13.5,73.0,0.188
Phoenix Suns_99,28.6,53.0,29.0,56,26,5.22,0.02,5.24,104.6,99.0,5.6,94.0,0.286,0.184,0.532,0.491,15.2,29.3,0.217,0.454,15.7,70.5,0.245
Utah Jazz_99,31.5,55.0,27.0,54,28,4.46,0.05,4.52,107.3,102.3,5.0,89.6,0.337,0.134,0.54,0.49,14.3,29.5,0.26,0.477,15.0,73.2,0.256
Indiana Pacers_99,30.4,56.0,26.0,54,28,4.6,-0.45,4.15,108.5,103.6,4.9,93.1,0.302,0.224,0.552,0.503,13.3,24.9,0.245,0.469,12.6,71.5,0.197
Miami Heat_99,29.2,52.0,30.0,50,32,3.11,-0.36,2.75,104.5,101.0,3.5,89.7,0.283,0.186,0.533,0.495,14.5,28.2,0.208,0.453,13.3,72.9,0.229
Sacramento Kings_99,27.5,44.0,38.0,49,33,2.91,0.12,3.04,105.0,102.1,2.9,99.3,0.277,0.227,0.526,0.486,13.9,27.7,0.209,0.479,15.1,69.7,0.198
Charlotte Hornets_99,28.7,49.0,33.0,49,33,2.67,-0.34,2.33,104.3,101.4,2.9,93.9,0.376,0.153,0.53,0.475,13.7,25.7,0.285,0.478,14.6,73.2,0.198
Minnesota Timberwolves_99,26.6,50.0,32.0,48,34,2.52,0.14,2.67,106.1,103.4,2.7,91.8,0.256,0.104,0.525,0.485,12.9,29.4,0.2,0.474,14.0,73.0,0.25
New York Knicks_99,29.5,50.0,32.0,46,36,1.46,-0.16,1.3,102.5,100.9,1.6,89.2,0.283,0.147,0.527,0.482,14.4,24.7,0.221,0.455,13.6,73.1,0.251
Detroit Pistons_99,28.3,42.0,40.0,45,37,1.44,-0.31,1.13,107.3,105.8,1.5,95.7,0.378,0.184,0.548,0.492,14.3,26.8,0.295,0.499,15.4,71.6,0.249
Philadelphia 76ers_99,27.1,49.0,33.0,45,37,1.34,-0.32,1.02,101.5,100.0,1.5,92.7,0.329,0.095,0.501,0.457,14.2,31.4,0.233,0.466,16.2,69.9,0.229
Seattle SuperSonics_99,28.5,45.0,37.0,44,38,0.95,0.22,1.17,105.6,104.6,1.0,93.4,0.282,0.232,0.52,0.487,12.9,28.5,0.196,0.483,14.0,69.6,0.193
Orlando Magic_99,26.3,41.0,41.0,43,39,0.68,-0.26,0.43,102.4,101.7,0.7,97.3,0.305,0.124,0.516,0.473,15.4,31.6,0.224,0.476,15.9,69.9,0.226
Milwaukee Bucks_99,28.2,42.0,40.0,42,40,0.22,-0.28,-0.06,108.2,107.9,0.3,92.7,0.29,0.157,0.539,0.494,13.8,30.0,0.228,0.496,14.6,69.6,0.254
Toronto Raptors_99,29.3,45.0,37.0,41,41,-0.16,-0.3,-0.46,104.7,104.9,-0.2,92.5,0.3,0.17,0.511,0.464,12.7,30.1,0.23,0.48,14.2,71.8,0.247
Dallas Mavericks_99,26.3,40.0,42.0,39,43,-0.57,0.29,-0.29,106.6,107.2,-0.6,94.9,0.248,0.188,0.532,0.49,12.6,25.5,0.2,0.488,14.2,66.1,0.21
Boston Celtics_99,25.4,35.0,47.0,39,43,-0.76,-0.24,-1.0,104.8,105.6,-0.8,94.6,0.316,0.183,0.52,0.474,13.8,30.4,0.236,0.498,15.8,73.8,0.306
Houston Rockets_99,26.3,34.0,48.0,39,43,-0.87,0.3,-0.57,104.8,105.7,-0.9,94.2,0.322,0.244,0.536,0.494,15.8,29.1,0.236,0.481,12.5,71.6,0.201
Brooklyn Nets_99,27.3,31.0,51.0,38,44,-1.04,-0.15,-1.18,105.1,106.3,-1.2,92.5,0.297,0.2,0.517,0.468,12.6,28.1,0.233,0.491,15.2,67.2,0.223
Denver Nuggets_99,25.9,35.0,47.0,35,47,-2.12,0.36,-1.76,103.5,105.8,-2.3,94.7,0.306,0.202,0.517,0.476,14.0,29.2,0.222,0.479,13.0,71.6,0.235
Washington Wizards_99,28.0,29.0,53.0,32,50,-3.28,-0.19,-3.47,103.5,107.0,-3.5,92.7,0.315,0.133,0.521,0.476,14.8,30.6,0.234,0.489,13.9,71.7,0.273
Cleveland Cavaliers_99,27.2,32.0,50.0,31,51,-3.5,-0.14,-3.64,100.4,104.0,-3.6,95.7,0.327,0.136,0.516,0.468,15.6,28.1,0.245,0.474,15.1,71.2,0.275
Atlanta Hawks_99,27.6,28.0,54.0,26,56,-5.38,-0.04,-5.41,102.0,107.9,-5.9,91.7,0.292,0.12,0.503,0.46,14.1,31.7,0.217,0.481,11.3,71.0,0.196
Vancouver Grizzlies_99,25.3,22.0,60.0,25,57,-5.62,0.52,-5.1,102.3,108.5,-6.2,91.0,0.32,0.139,0.524,0.474,15.8,30.1,0.247,0.502,14.1,70.6,0.231
Golden State Warriors_99,26.9,19.0,63.0,20,62,-8.27,0.64,-7.63,99.8,108.4,-8.6,95.4,0.301,0.15,0.484,0.444,13.9,32.6,0.21,0.499,14.6,69.1,0.259
Chicago Bulls_99,26.0,17.0,65.0,15,67,-9.4,0.17,-9.23,94.2,104.6,-10.4,89.4,0.338,0.167,0.49,0.443,18.0,29.9,0.24,0.484,14.5,69.9,0.24
Los Angeles Clippers_99,24.2,15.0,67.0,13,69,-11.52,0.8,-10.73,97.8,110.1,-12.3,93.9,0.27,0.188,0.499,0.458,14.9,26.1,0.202,0.507,13.1,69.6,0.22
